god,no,plate,text,cls,why,period,period_src,sub,sub_src
河,00226正.5,226,貞呼往于河（？）不若,未核,语境不足,宾组,小学堂,宾组,①小学堂:賓組
河,00418正.3,418,庚戌卜貞勿于河有匚三月,神,,宾组,小学堂,宾组,①小学堂:賓組
河,00418正.4,418,庚戌卜貞于河有匚,神,,宾组,小学堂,宾组,①小学堂:賓組
河,00672正.13,672,貞于河匚,神,,宾组,小学堂,宾组,①小学堂:賓組
河,00672正.15,672,貞呼雀于河五十,未核,语境不足,宾组,小学堂,宾组,①小学堂:賓組
河,00672正.16,672,勿五十牛于河,神,,宾组,小学堂,宾组,①小学堂:賓組
河,00672正.17,672,河五十牛,神,,宾组,小学堂,宾组,①小学堂:賓組
河,00672正.18,672,河三十牛以我女,神,,宾组,小学堂,宾组,①小学堂:賓組
河,00776正.11,776,甲午卜爭于河,未核,语境不足,宾组,合集区段,宾组,合集区段
河,00776正.12,776,甲午卜爭勿于河,未核,语境不足,宾组,合集区段,宾组,合集区段
河,00776正.13,776,壬寅卜貞河王,未核,语境不足,宾组,合集区段,宾组,合集区段
河,00776正.14,776,壬寅卜貞河弗王,未核,语境不足,宾组,合集区段,宾组,合集区段
河,00795反.16,795,河牛我,神,,宾组,小学堂,宾组,①小学堂:賓組
河,00892反.2,892,有匚于河,神,,宾组,小学堂,宾组,①小学堂:賓組
河,00892反.3,892,勿有匚于河,神,,宾组,小学堂,宾组,①小学堂:賓組
河,00945正.3,945,貞侑于河　二告,神,,宾组,合集区段,宾组,合集区段
河,00945正.4,945,勿侑于河　二告,神,,宾组,合集区段,宾组,合集区段
河,00947反.3,947,河,未核,语境不足,宾组,小学堂,宾组,①小学堂:賓組
河,01027正.1,1027,癸卯卜侑于河三羌卯三牛燎三（？）牛,神,,宾组,小学堂,宾组,①小学堂:賓組
河,01027正.2,1027,癸卯卜燎河一牛又三羌卯三牛,神,,宾组,小学堂,宾组,①小学堂:賓組
河,01052正.2,1052,貞于河五十牛,神,,𠂤组,小学堂,𠂤宾间,①小学堂:𠂤賓間
河,01052正.4,1052,貞于河十牛,神,,𠂤组,小学堂,𠂤宾间,①小学堂:𠂤賓間
河,01076甲反.9,1076,貞于河有匚,神,,宾组,小学堂,宾组,①小学堂:賓組
河,01131正.2,1131,河（？）五五牛牛若,神,,宾组,小学堂,宾组,①小学堂:賓組
河,01140正.5,1140,貞召河燎于有雨,神,,宾组,小学堂,宾组,①小学堂:賓組
河,01506正.8,1506,貞于河,未核,语境不足,宾组,小学堂,宾组,①小学堂:賓組
河,01677正.2,1677,貞辛酉河沈燎,神,,宾组,小学堂,宾组,①小学堂:賓組
河,02314反.0,2314,河,未核,语境不足,宾组,合集区段,宾组,合集区段
河,02415正.4,2415,河祟我,神,,宾组,合集区段,宾组,合集区段
河,03458正.11,3458,貞燎于河,神,,宾组,小学堂,宾组,①小学堂:賓組
河,03659反.1,3659,勿侑于河,神,,宾组,合集区段,宾组,合集区段
河,04055正.2,4055,甲午卜貞呼先禦燎于河,神,,宾组,合集区段,宾组,合集区段
河,05158乙.2,5158,貞王其往觀河不若,未核,涉/觀河+羌/若,宾组,合集区段,宾组,合集区段
河,05158甲.1,5158,觀河,非神,地名/河流,宾组,合集区段,宾组,合集区段
河,05522正.3,5522,乙酉卜貞使人于河沈三羊三牛三月,神,,宾组,合集区段,宾组,合集区段
河,05658正.8,5658,侑河,神,,宾组,小学堂,宾组,①小学堂:賓組
河,06191正.3,6191,勿侑河,神,,宾组,合集区段,宾组,合集区段
河,06204正.2,6204,壬申卜貞于河方,未核,语境不足,宾组,合集区段,宾组,合集区段
河,06616正,6616,丙辰卜貞禦羌于河,神,,宾组,合集区段,宾组,合集区段
河,08330正.1,8330,呼往于河,未核,语境不足,宾组,合集区段,宾组,合集区段
河,08332反.0,8332,貞翌丁卯呼往于河有來,神,,宾组,小学堂,宾组,①小学堂:賓組
河,08935正.5,8935,貞見河有來　不黽,非神,地名/河流,宾组,小学堂,宾组,①小学堂:賓組
河,10007反.0,10007,河用,未核,语境不足,宾组,合集区段,宾组,合集区段
河,10076.1,10076,戊午卜貞年于岳河夒,神,,宾组,小学堂,宾组,①小学堂:賓組
河,10080.4,10080,年于河,神,,宾组,小学堂,宾组,①小学堂:賓組
河,10082.2,10082,貞年于河,神,,宾组,合集区段,宾组,合集区段
河,10083.2,10083,貞年于河,神,,宾组,合集区段,宾组,合集区段
河,10084.1,10084,戊寅卜爭貞年于河燎三小沈三牛,神,,宾组,小学堂,宾组,①小学堂:賓組
河,10085正.1,10085,辛酉卜貞年于河,神,,宾组,小学堂,宾组,①小学堂:賓組
河,10087.2,10087,貞年于河,神,,宾组,合集区段,宾组,合集区段
河,10089,10089,貞勿年河,神,,宾组,合集区段,宾组,合集区段
河,10090,10090,年于河,神,,宾组,合集区段,宾组,合集区段
河,10091.1,10091,乙巳卜貞于河年,神,,宾组,合集区段,宾组,合集区段
河,10092,10092,乙巳卜貞于河年,神,,宾组,合集区段,宾组,合集区段
河,10093.2,10093,貞于河年,神,,宾组,小学堂,宾组,①小学堂:賓組
河,10094正.4,10094,年于河燎三沈卯三牛,神,,宾组,小学堂,宾组,①小学堂:賓組
河,10095.3,10095,丙申卜貞于河年,神,,宾组,合集区段,宾组,合集区段
河,10096,10096,貞勿于河年,神,,宾组,合集区段,宾组,合集区段
河,10097.2,10097,勿于河禦年,神,,宾组,合集区段,宾组,合集区段
河,10105.3,10105,河,未核,语境不足,宾组,合集区段,宾组,合集区段
河,10129,10129,癸卯卜貞祟年娥于河,神,,宾组,合集区段,宾组,合集区段
河,10246.2,10246,勿于河,未核,语境不足,宾组,合集区段,宾组,合集区段
河,10405反.2,10405,王曰有祟八日庚戌有各雲自東Ｓ１１母昃亦有出虹自北于河,非神,地名/河流,宾组,小学堂,宾组,①小学堂:賓組
河,1046.1,1046,巳卜爭貞Ｔ１衣有Ｔ１伐河二十人,神,,宾组,合集区段,宾组,合集区段
河,10682.1,10682,惟今丑河,未核,语境不足,宾组,小学堂,宾组,①小学堂:賓組
河,10905,10905,四河,未核,语境不足,宾组,合集区段,宾组,合集区段
河,10942.2,10942,貞有匚于河（？）,神,,宾组,合集区段,宾组,合集区段
河,11007反.1,11007,河,未核,语境不足,宾组,小学堂,宾组,①小学堂:賓組
河,11061.3,11061,河,未核,语境不足,宾组,合集区段,宾组,合集区段
河,1182.3,1182,燎于河王亥上甲十牛卯十五月,神,,宾组,合集区段,宾组,合集区段
河,1182.4,1182,丁丑卜貞惟河日,未核,语境不足,宾组,合集区段,宾组,合集区段
河,1186,1186,貞燎于上甲于河十牛,神,,宾组,合集区段,宾组,合集区段
河,1202.1,1202,戊辰卜上甲暨河敦,神,,宾组,合集区段,宾组,合集区段
河,1202.2,1202,戊辰卜既暨河我,未核,语境不足,宾组,合集区段,宾组,合集区段
河,1204,1204,貞河于上甲,神,,宾组,合集区段,宾组,合集区段
河,12246.3,12246,貞見河侑,神,,宾组,合集区段,宾组,合集区段
河,1251.1,1251,癸卯卜史貞來辛于河母王十月,神,,宾组,小学堂,宾组,①小学堂:賓組
河,12546正.2,12546,貞尋河燎三牛沈三牛卯,神,,宾组,合集区段,宾组,合集区段
河,12572.1,12572,于河不遘雨,神,,宾组,合集区段,宾组,合集区段
河,12649,12649,雨河有雨,神,,宾组,合集区段,宾组,合集区段
河,12650,12650,河有雨,神,,宾组,合集区段,宾组,合集区段
河,1273.2,1273,燎于河,神,,宾组,合集区段,宾组,合集区段
河,12853.1,12853,壬午卜于河雨燎,神,,宾组,合集区段,宾组,合集区段
河,12854,12854,卜雨河,神,,宾组,合集区段,宾组,合集区段
河,12863.1,12863,丁未卜爭貞祟雨匄于河十三月,神,,宾组,合集区段,宾组,合集区段
河,12948正.1,12948,卜勿令河二月,未核,疑人名/役使,宾组,合集区段,宾组,合集区段
河,12948正.2,12948,子卜貞王令河沈三牛燎三牛卯五牛王曰丁其雨九日丁酉允雨　二告,神,,宾组,合集区段,宾组,合集区段
河,1315.1,1315,丙寅卜貞王自唐牛河,神,,宾组,合集区段,宾组,合集区段
河,13368.2,13368,河,未核,语境不足,宾组,合集区段,宾组,合集区段
河,13413,13413,卜貞雷于河,未核,语境不足,𠂤组,小学堂,𠂤宾间,①小学堂:𠂤賓間
河,13442正.2,13442,允有鑿明有雲昃亦有鑿有出虹自北于河在十二月,非神,地名/河流,宾组,小学堂,宾组,①小学堂:賓組
河,13443正.3,13443,燎于河,神,,宾组,小学堂,宾组,①小学堂:賓組
河,13532,13532,貞于南方將河宗十月,神,,宾组,小学堂,宾组,①小学堂:賓組
河,13606正.1,13606,子河,未核,语境不足,宾组,小学堂,宾组,①小学堂:賓組
河,1403.5,1403,五十牛于河,神,,宾组,合集区段,宾组,合集区段
河,14197正.1,14197,貞勿舞河無其雨,神,,宾组,合集区段,宾组,合集区段
河,14207正.3,14207,庚河,未核,语境不足,宾组,小学堂,宾组,①小学堂:賓組
河,14207正.4,14207,勿庚河,未核,语境不足,宾组,小学堂,宾组,①小学堂:賓組
河,14218.2,14218,河Ｇ８３９,未核,语境不足,宾组,小学堂,宾组,①小学堂:賓組
河,14370丁.5,14370,河燎旬在鬥,神,,宾组,小学堂,宾组,①小学堂:賓組
河,14370乙.1,14370,爭于河沈十月,神,,宾组,小学堂,宾组,①小学堂:賓組
河,14380.1,14380,己亥卜貞王至于今水燎于河三小沈三牛有雨王步,神,,宾组,合集区段,宾组,合集区段
河,14390.1,14390,貞呼目Ｅ０４７河以,未核,疑人名/役使,宾组,合集区段,宾组,合集区段
河,14390.3,14390,辛其河Ｇ８６４,未核,语境不足,宾组,合集区段,宾组,合集区段
河,14405.2,14405,貞河三,未核,语境不足,宾组,合集区段,宾组,合集区段
河,14460.3,14460,河,未核,语境不足,宾组,合集区段,宾组,合集区段
河,14478.2,14478,貞河,未核,语境不足,宾组,小学堂,宾组,①小学堂:賓組
河,14509.2,14509,丁亥卜侑于河二牛二,神,,宾组,合集区段,宾组,合集区段
河,14510.1,14510,丁亥卜貞侑于河,神,,宾组,合集区段,宾组,合集区段
河,14511.1,14511,貞侑于河,神,,宾组,合集区段,宾组,合集区段
河,14512,14512,丁巳卜貞侑于河,神,,宾组,合集区段,宾组,合集区段
河,14513.3,14513,甲辰卜貞侑于河,神,,宾组,合集区段,宾组,合集区段
河,14514,14514,內我亦侑河,神,,宾组,合集区段,宾组,合集区段
河,14515.2,14515,侑于河,神,,宾组,合集区段,宾组,合集区段
河,14516.1,14516,于河侑,神,,宾组,合集区段,宾组,合集区段
河,14516.2,14516,貞勿侑于河,神,,宾组,合集区段,宾组,合集区段
河,14517.2,14517,貞于河侑,神,,宾组,合集区段,宾组,合集区段
河,14518.2,14518,勿侑于河,神,,宾组,合集区段,宾组,合集区段
河,14519.2,14519,河,未核,语境不足,宾组,合集区段,宾组,合集区段
河,14520正.2,14520,貞勿侑于河,神,,宾组,小学堂,宾组,①小学堂:賓組
河,14521.2,14521,乙未卜爭貞有河三牛往,神,,宾组,合集区段,宾组,合集区段
河,14522.1,14522,丑卜貞侑匚于河,神,,宾组,合集区段,宾组,合集区段
河,14523,14523,貞王勿舌河弗其,未核,语境不足,宾组,合集区段,宾组,合集区段
河,14524,14524,禦于河,神,,宾组,合集区段,宾组,合集区段
河,14525,14525,戊戌卜禦于河,神,,宾组,合集区段,宾组,合集区段
河,14526正.2,14526,甲午卜貞呼先禦于河,神,,宾组,合集区段,宾组,合集区段
河,14527反.2,14527,禦燎于河,神,,宾组,合集区段,宾组,合集区段
河,14528正.0,14528,貞呼我匚于河,神,,宾组,合集区段,宾组,合集区段
河,14529,14529,勿生匚于河,神,,宾组,合集区段,宾组,合集区段
河,14530,14530,匚于河,神,,宾组,合集区段,宾组,合集区段
河,14531,14531,帝于河,神,,宾组,合集区段,宾组,合集区段
河,14532,14532,告河若,神,,宾组,合集区段,宾组,合集区段
河,14533,14533,庚辰卜貞告鑿于河,神,,宾组,合集区段,宾组,合集区段
河,14534,14534,辛巳卜貞告既燎于河,神,,宾组,合集区段,宾组,合集区段
河,14535,14535,貞其Ｇ８７０河王賓惟王Ｇ８７１八月,神,,宾组,合集区段,宾组,合集区段
河,14536正.1,14536,辛卯小貞乞呼河不正,神,,宾组,合集区段,宾组,合集区段
河,14536正.2,14536,辛貞河燎五小沈五牛卯五牛,神,,宾组,合集区段,宾组,合集区段
河,14537,14537,辛亥卜河燎六牛六牛八牛,神,,宾组,合集区段,宾组,合集区段
河,14538.1,14538,貞于河,未核,语境不足,宾组,合集区段,宾组,合集区段
河,14539,14539,河燎牢,神,,宾组,合集区段,宾组,合集区段
河,14540,14540,于河三,未核,语境不足,宾组,合集区段,宾组,合集区段
河,14541,14541,河,未核,语境不足,宾组,合集区段,宾组,合集区段
河,14542正.1,14542,貞于河,未核,语境不足,宾组,合集区段,宾组,合集区段
河,14542正.2,14542,河以一牛示,神,,宾组,合集区段,宾组,合集区段
河,14543,14543,貞于河,未核,语境不足,宾组,合集区段,宾组,合集区段
河,14544,14544,河,未核,语境不足,宾组,合集区段,宾组,合集区段
河,14545.1,14545,于河,未核,语境不足,宾组,合集区段,宾组,合集区段
河,14545.2,14545,貞勿于河,未核,语境不足,宾组,合集区段,宾组,合集区段
河,14546,14546,貞勿于河,未核,语境不足,宾组,合集区段,宾组,合集区段
河,14547,14547,勿于河,未核,语境不足,宾组,合集区段,宾组,合集区段
河,14548.2,14548,勿于河,未核,语境不足,宾组,合集区段,宾组,合集区段
河,14549正.1,14549,庚寅卜爭貞我其祀于河,神,,宾组,合集区段,宾组,合集区段
河,14550,14550,祀河,神,,宾组,合集区段,宾组,合集区段
河,14551,14551,丁丑卜爭貞呼雀祀于河,神,,宾组,合集区段,宾组,合集区段
河,14552.1,14552,卯卜內燎于河十牛十牛,神,,宾组,小学堂,宾组,①小学堂:賓組
河,14553.2,14553,乙巳卜爭貞燎于河五牛沈十牛十月在鬥,神,,宾组,合集区段,宾组,合集区段
河,14554.3,14554,乙巳貞燎于河五牛沈十牛十月在鬥,神,,宾组,合集区段,宾组,合集区段
河,14555正.1,14555,戊辰卜爭貞燎于河豕三羊沈五牛,神,,宾组,合集区段,宾组,合集区段
河,14556.1,14556,丙申卜貞燎于河三沈三一,神,,宾组,合集区段,宾组,合集区段
河,14556.2,14556,戌卜王河Ｇ８７２,未核,语境不足,宾组,合集区段,宾组,合集区段
河,14557,14557,丙午貞燎河三,神,,宾组,合集区段,宾组,合集区段
河,14558正.0,14558,貞燎于河沈小卯三牛,神,,宾组,小学堂,宾组,①小学堂:賓組
河,14559.1,14559,燎于河一埋二,神,,宾组,合集区段,宾组,合集区段
河,14559.2,14559,燎于河一埋二,神,,宾组,合集区段,宾组,合集区段
河,14560,14560,壬戌貞燎河一,神,,宾组,合集区段,宾组,合集区段
河,14561,14561,甲辰卜內燎于河一羊一豕卯一牛,神,,宾组,合集区段,宾组,合集区段
河,14562.1,14562,燎于河五十月鬥,神,,宾组,小学堂,宾组,①小学堂:賓組
河,14563,14563,貞燎河五,神,,宾组,合集区段,宾组,合集区段
河,14564.3,14564,壬申卜貞燎于河,神,,宾组,合集区段,宾组,合集区段
河,14564.4,14564,貞勿燎于河,神,,宾组,合集区段,宾组,合集区段
河,14565,14565,燎于河,神,,宾组,合集区段,宾组,合集区段
河,14566.1,14566,燎于河,神,,宾组,合集区段,宾组,合集区段
河,14566.2,14566,河燎,神,,宾组,合集区段,宾组,合集区段
河,14567.2,14567,燎于河,神,,宾组,合集区段,宾组,合集区段
河,14568.2,14568,燎河,神,,宾组,合集区段,宾组,合集区段
河,14569.1,14569,亥卜爭燎于河,神,,宾组,合集区段,宾组,合集区段
河,14570.1,14570,癸亥卜爭貞燎于河,神,,宾组,合集区段,宾组,合集区段
河,14571.2,14571,勿呼燎于河,神,,宾组,合集区段,宾组,合集区段
河,14572正.1,14572,貞其燎于河,神,,宾组,小学堂,宾组,①小学堂:賓組
河,14572正.2,14572,貞勿衣燎于河,神,,宾组,小学堂,宾组,①小学堂:賓組
河,14573反.3,14573,戊午卜貞燎于河,神,,宾组,合集区段,宾组,合集区段
河,14574,14574,爭貞呼燎于河,神,,宾组,合集区段,宾组,合集区段
河,14575,14575,庚申卜貞取河有雨,神,,宾组,合集区段,宾组,合集区段
河,14576乙正.2,14576,貞取河,神,,宾组,小学堂,宾组,①小学堂:賓組
河,14576甲正.2,14576,貞勿取河,神,,宾组,小学堂,宾组,①小学堂:賓組
河,14577正.0,14577,己丑卜爭貞翌卯河三牛燎三牛三牛,神,,宾组,合集区段,宾组,合集区段
河,14579,14579,甲子河燎三卯,神,,宾组,合集区段,宾组,合集区段
河,14580,14580,貞王乞令河燎,神,,宾组,合集区段,宾组,合集区段
河,14581.2,14581,丙子卜貞翌辛酉河,未核,语境不足,宾组,合集区段,宾组,合集区段
河,14582.1,14582,貞于來辛未河七月,未核,语境不足,宾组,合集区段,宾组,合集区段
河,14583,14583,巳卜爭貞丁未河在鬥,未核,语境不足,宾组,小学堂,宾组,①小学堂:賓組
河,14584,14584,乙巳卜貞惟辛亥河十月在鬥,未核,语境不足,宾组,合集区段,宾组,合集区段
河,14585正.1,14585,丙子卜貞勿河,未核,语境不足,宾组,小学堂,宾组,①小学堂:賓組
河,14585正.2,14585,丙子卜貞呼言河燎三豕三羊卯五牛,神,,宾组,小学堂,宾组,①小学堂:賓組
河,14586正.1,14586,丙子卜貞勿河二月,未核,语境不足,宾组,小学堂,宾组,①小学堂:賓組
河,14586正.2,14586,丙子卜呼言河燎三,神,,宾组,小学堂,宾组,①小学堂:賓組
河,14587正.1,14587,丙子卜貞勿河,未核,语境不足,宾组,合集区段,宾组,合集区段
河,14587正.2,14587,丙子卜貞呼言河燎豕三羊五牛,神,,宾组,合集区段,宾组,合集区段
河,14588.1,14588,丙子卜貞珏河,神,,宾组,小学堂,宾组,①小学堂:賓組
河,14589,14589,來辛亥河,未核,语境不足,宾组,合集区段,宾组,合集区段
河,14590,14590,戊午卜爭貞今辛酉呼河,未核,疑人名/役使,宾组,小学堂,宾组,①小学堂:賓組
河,14591.1,14591,癸亥卜爭貞翌辛未王其河不雨,神,,宾组,合集区段,宾组,合集区段
河,14592.2,14592,戊戌卜貞翌甲辰河,未核,语境不足,宾组,合集区段,宾组,合集区段
河,14593.1,14593,惟辛河,未核,语境不足,宾组,合集区段,宾组,合集区段
河,14594.1,14594,河,未核,语境不足,宾组,合集区段,宾组,合集区段
河,14594.2,14594,河,未核,语境不足,宾组,合集区段,宾组,合集区段
河,14595,14595,河一月,未核,语境不足,宾组,合集区段,宾组,合集区段
河,14596,14596,酉河,未核,语境不足,宾组,合集区段,宾组,合集区段
河,14597.1,14597,河,未核,语境不足,宾组,合集区段,宾组,合集区段
河,14598反.0,14598,貞河,未核,语境不足,宾组,合集区段,宾组,合集区段
河,14599,14599,貞翌卯勿河,神,,宾组,合集区段,宾组,合集区段
河,14600,14600,辛卯勿河,神,,宾组,合集区段,宾组,合集区段
河,14601.1,14601,河,未核,语境不足,宾组,合集区段,宾组,合集区段
河,14602,14602,作河,未核,语境不足,宾组,合集区段,宾组,合集区段
河,14603,14603,乙巳卜貞舞河,神,,宾组,合集区段,宾组,合集区段
河,14604,14604,貞勿舞河,神,,宾组,合集区段,宾组,合集区段
河,14605.1,14605,癸亥卜勿奏河,神,,宾组,合集区段,宾组,合集区段
河,14606正.0,14606,奏河,神,,宾组,合集区段,宾组,合集区段
河,14607,14607,辰卜于河沈五月,神,,宾组,合集区段,宾组,合集区段
河,14608,14608,河三沈五,神,,宾组,合集区段,宾组,合集区段
河,14609,14609,埋于河二四月,神,,宾组,合集区段,宾组,合集区段
河,14610,14610,埋于河二四月,神,,宾组,合集区段,宾组,合集区段
河,14611,14611,埋于河四,神,,宾组,合集区段,宾组,合集区段
河,14612.2,14612,埋于河,神,,宾组,合集区段,宾组,合集区段
河,14613,14613,燎于河埋,神,,宾组,合集区段,宾组,合集区段
河,14614.2,14614,丙午卜河弗若,神,,宾组,合集区段,宾组,合集区段
河,14615,14615,午卜貞河祟我,神,,宾组,合集区段,宾组,合集区段
河,14616.1,14616,河我,未核,语境不足,宾组,合集区段,宾组,合集区段
河,14616.2,14616,河我,未核,语境不足,宾组,合集区段,宾组,合集区段
河,14617,14617,貞河祟惟Ｇ８７３,神,,宾组,合集区段,宾组,合集区段
河,14618,14618,貞河祟,神,,宾组,合集区段,宾组,合集区段
河,14619.1,14619,丁卯卜惟河祟,神,,宾组,合集区段,宾组,合集区段
河,14619.3,14619,惟河,未核,语境不足,宾组,合集区段,宾组,合集区段
河,14620.1,14620,庚申卜永貞河雨,神,,宾组,合集区段,宾组,合集区段
河,14620.2,14620,貞河弗雨,神,,宾组,合集区段,宾组,合集区段
河,14621.1,14621,丙申卜貞河Ｇ８７４彘　二告,神,,宾组,合集区段,宾组,合集区段
河,14621.2,14621,貞河Ｇ８７４不其彘　二告,神,,宾组,合集区段,宾组,合集区段
河,14622.3,14622,貞河其Ｇ８７４,未核,语境不足,宾组,合集区段,宾组,合集区段
河,14623,14623,貞河不其Ｇ８７４,未核,语境不足,宾组,合集区段,宾组,合集区段
河,14624.1,14624,丙寅卜貞河其,未核,语境不足,宾组,合集区段,宾组,合集区段
河,14625.1,14625,卜爭貞河豊其惟,未核,语境不足,宾组,小学堂,宾组,①小学堂:賓組
河,14626,14626,貞令逆河,未核,疑人名/役使,宾组,小学堂,宾组,①小学堂:賓組
河,14627,14627,Ｇ８７５河,未核,语境不足,宾组,小学堂,宾组,①小学堂:賓組
河,14628,14628,其河新陟,未核,语境不足,宾组,合集区段,宾组,合集区段
河,14629,14629,卜王其河新不遘,未核,语境不足,宾组,合集区段,宾组,合集区段
河,14630,14630,目于河,未核,语境不足,宾组,小学堂,宾组,①小学堂:賓組
河,14631,14631,卜于河,未核,语境不足,宾组,合集区段,宾组,合集区段
河,14632,14632,卜貞于河,未核,语境不足,宾组,合集区段,宾组,合集区段
河,14633,14633,于河侑五牛,神,,宾组,合集区段,宾组,合集区段
河,14634,14634,于河,未核,语境不足,宾组,合集区段,宾组,合集区段
河,14635正.0,14635,勿于河,未核,语境不足,宾组,合集区段,宾组,合集区段
河,14636,14636,勿于河,未核,语境不足,宾组,合集区段,宾组,合集区段
河,14637,14637,貞勿于河,未核,语境不足,宾组,合集区段,宾组,合集区段
河,14638正.1,14638,貞翌甲戌河其令,神,,宾组,合集区段,宾组,合集区段
河,14638正.2,14638,貞翌河不令雨,神,,宾组,合集区段,宾组,合集区段
河,14639.1,14639,貞惟河,未核,语境不足,宾组,合集区段,宾组,合集区段
河,14640,14640,壬午貞呼于河雨,神,,宾组,合集区段,宾组,合集区段
河,14641.1,14641,貞呼河,未核,疑人名/役使,宾组,小学堂,宾组,①小学堂:賓組
河,14642,14642,翌丑河,未核,语境不足,宾组,合集区段,宾组,合集区段
河,14644.1,14644,辛河,未核,语境不足,宾组,合集区段,宾组,合集区段
河,14645.1,14645,辛亥河,未核,语境不足,宾组,合集区段,宾组,合集区段
河,14646正.1,14646,貞河,未核,语境不足,宾组,合集区段,宾组,合集区段
河,14647正.0,14647,未卜韋貞呼河以啓王其來之往見于無來,未核,疑人名/役使,宾组,小学堂,宾组,①小学堂:賓組
河,14648正.2,14648,河,未核,语境不足,宾组,合集区段,宾组,合集区段
河,14649,14649,河五十,未核,语境不足,宾组,合集区段,宾组,合集区段
河,14682.2,14682,勿大于河,未核,语境不足,宾组,合集区段,宾组,合集区段
河,14755反.4,14755,其比于河,未核,疑人名/役使,宾组,小学堂,宾组,①小学堂:賓組
河,14755反.5,14755,侑比于河,未核,疑人名/役使,宾组,小学堂,宾组,①小学堂:賓組
河,14757正.2,14757,于河匄,神,,宾组,合集区段,宾组,合集区段
河,14768.1,14768,貞河,未核,语境不足,宾组,小学堂,宾组,①小学堂:賓組
河,14787正.3,14787,呼目于河有來,未核,语境不足,宾组,小学堂,宾组,①小学堂:賓組
河,14851,14851,庚子卜爭貞其祀于河以大示至于多毓,神,,宾组,合集区段,宾组,合集区段
河,15521.6,15521,貞勿告河,神,,宾组,合集区段,宾组,合集区段
河,15770.2,15770,癸貞Ａ０３７河,未核,语境不足,宾组,合集区段,宾组,合集区段
河,1601.2,1601,勿燎河,神,,宾组,合集区段,宾组,合集区段
河,16152正.3,16152,河　二告,神,,宾组,合集区段,宾组,合集区段
河,16242,16242,卯卜爭貞王气正河新Ａ０５６允正十一（？）月,神,,宾组,小学堂,宾组,①小学堂:賓組
河,16243.1,16243,庚戌卜爭貞王气正河新Ａ０５６允正十（？）月,未核,语境不足,宾组,小学堂,宾组,①小学堂:賓組
河,1713.2,1713,侑于河,神,,宾组,合集区段,宾组,合集区段
河,18774,18774,河,未核,语境不足,宾组,小学堂,宾组,①小学堂:賓組
河,18775,18775,亥卜河Ａ３９７彘允,未核,语境不足,宾组,合集区段,宾组,合集区段
河,18811.1,18811,癸翌王河,未核,语境不足,宾组,小学堂,宾组,①小学堂:賓組
河,18821.2,18821,貞于河以,未核,疑人名/役使,宾组,小学堂,宾组,①小学堂:賓組
河,18905正.1,18905,貞河,未核,语境不足,宾组,合集区段,宾组,合集区段
河,19806.2,19806,辛丑卜王上甲示壬河,神,,𠂤组,小学堂,𠂤组,①小学堂:𠂤組
河,19977,19977,侑母河（？）,神,,一期附(未分),合集区段,一期附(未分),合集区段
河,20074.1,20074,河暨,未核,语境不足,宾组,小学堂,宾组,①小学堂:賓組
河,20610,20610,Ａ６１８行東至河,非神,地名/河流,𠂤组,小学堂,𠂤组,①小学堂:𠂤組
河,20611.2,20611,庚午卜貞衣Ａ６１９河無若十月,神,,𠂤组,小学堂,𠂤组,①小学堂:𠂤組
河,21112,21112,燎河九二豕其,神,,一期附(未分),合集区段,一期附(未分),合集区段
河,21113.2,21113,戊戌卜亞于河祀,神,,一期附(未分),合集区段,一期附(未分),合集区段
河,21114.5,21114,庚午卜王燎河于Ａ６９７,神,,𠂤组,小学堂,𠂤组,①小学堂:𠂤組
河,21115,21115,癸巳巫寧土河岳,神,,𠂤组,小学堂,𠂤组,①小学堂:𠂤組
河,21856,21856,弗河,未核,语境不足,一期附(未分),合集区段,一期附(未分),合集区段
河,21947,21947,河若,神,,一期附(未分),合集区段,一期附(未分),合集区段
河,21951.3,21951,癸丑貞告河,神,,一期附(未分),合集区段,一期附(未分),合集区段
河,22346,22346,子其年于河雨,神,,一期附(未分),合集区段,一期附(未分),合集区段
河,22419,22419,Ｔ９河岳岳,神,,子组/非王,小学堂,子组/非王,①小学堂:子組
河,22594,22594,丙戌卜大貞告執于河燎沉三牛,神,,出组,合集区段,出组,合集区段
河,2265.1,2265,于河月,未核,语境不足,宾组,合集区段,宾组,合集区段
河,22825.2,22825,孽河,未核,语境不足,出组,合集区段,出组,合集区段
河,2328.2,2328,壬午卜貞河祟,神,,宾组,合集区段,宾组,合集区段
河,23675,23675,庚申卜出貞令並河,未核,疑人名/役使,出组,合集区段,出组,合集区段
河,23786,23786,己卯卜出貞今日王其往河,神,,出组,合集区段,出组,合集区段
河,2381.3,2381,貞侑匚于河,神,,宾组,合集区段,宾组,合集区段
河,24420.2,24420,壬戌卜行貞今夕無在河,非神,地名/河流,出组,小学堂,出组,①小学堂:出組
河,24609.1,24609,乙亥卜行貞王其尋舟于河無災,非神,地名/河流,出组,小学堂,出组,①小学堂:出組
河,24644,24644,貞惟河九月,未核,语境不足,出组,合集区段,出组,合集区段
河,24951.2,24951,河珏惟王自正十月,神,,出组,小学堂,出组,①小学堂:出組
河,24967.2,24967,貞其侑河惟丁牛（？）,神,,出组,合集区段,出组,合集区段
河,24968,24968,貞惟河,未核,语境不足,出组,合集区段,出组,合集区段
河,26907正.3,26907,己巳卜彭貞禦于河羌三十人在十月又二十,神,,何/无名,小学堂,何组,①小学堂:何組
河,27174.3,27174,貞其延禦于又河饗,神,,何/无名,小学堂,何组,①小学堂:何組
河,27203.2,27203,年河上甲,神,,何/无名,合集区段,三期未分,④
河,28184.3,28184,河,未核,语境不足,何/无名,小学堂,何组,①小学堂:何組
河,28207.6,28207,河宗,神,,何/无名,合集区段,三期未分,④
河,28244.1,28244,其禾河,神,,何/无名,合集区段,无名组,③格式【字体未核】
河,28258.1,28258,其年于河此有雨,神,,何/无名,合集区段,无名组,③格式【字体未核】
河,28258.3,28258,其年于河惟牛用,神,,何/无名,合集区段,无名组,③格式【字体未核】
河,28259.3,28259,于河年有雨,神,,何/无名,合集区段,三期未分,④
河,28260.1,28260,辛亥卜其年于河王受　大吉,神,,何/无名,合集区段,无名组,③格式【字体未核】
河,28261.1,28261,河惟丁,未核,语境不足,何/无名,小学堂,无名组,①小学堂:無名組
河,28261.3,28261,其年于河受年,神,,何/无名,小学堂,无名组,①小学堂:無名組
河,28262.2,28262,丁未卜其年于河惟辛亥,神,,何/无名,合集区段,无名组,③格式【字体未核】
河,28263,28263,其年于河惟今來辛未　大吉,神,,何/无名,合集区段,无名组,③格式【字体未核】
河,28267.3,28267,河先有雨　吉,神,,何/无名,合集区段,无名组,③格式【字体未核】
河,29532,29532,河燎夕惟羊,神,,何/无名,合集区段,无名组,③格式【字体未核】
河,30396.1,30396,其侑方暨河,神,,何/无名,合集区段,无名组,③格式【字体未核】
河,30401.2,30401,癸丑卜何貞于河,未核,语境不足,何/无名,小学堂,何组,①小学堂:何組
河,30412.2,30412,岳暨河王受有祐,神,,何/无名,合集区段,无名组,③格式【字体未核】
河,3042.3,3042,河,未核,语境不足,宾组,合集区段,宾组,合集区段
河,30427,30427,岳河,神,,何/无名,合集区段,三期未分,④
河,30428,30428,癸亥卜其Ｂ４７３于河,未核,语境不足,何/无名,合集区段,无名组,③格式【字体未核】
河,30429.2,30429,其河惟舊用于,未核,语境不足,何/无名,合集区段,无名组,③格式【字体未核】
河,30430,30430,于河尋,神,,何/无名,小学堂,无名组,①小学堂:無名組
河,30431.1,30431,王其田Ｂ４７４剛于河,非神,地名/河流,何/无名,小学堂,无名组,①小学堂:無名組
河,30431.3,30431,河剛牛,神,,何/无名,小学堂,无名组,①小学堂:無名組
河,30432,30432,庚申卜其侑于河,神,,何/无名,合集区段,无名组,③格式【字体未核】
河,30433.1,30433,河燎茲用,神,,何/无名,合集区段,无名组,③格式【字体未核】
河,30434.1,30434,己丑卜河燎夕惟豚,神,,何/无名,小学堂,无名组,①小学堂:無名組
河,30434.2,30434,夕河燎,神,,何/无名,小学堂,无名组,①小学堂:無名組
河,30435.2,30435,燎于河商,神,,何/无名,合集区段,三期未分,④
河,30436,30436,卜口其沈于河惟,神,,何/无名,小学堂,何组,①小学堂:何組
河,30437,30437,卜河祀惟,神,,何/无名,合集区段,无名组,③格式【字体未核】
河,30438,30438,河惟牛用　吉,神,,何/无名,合集区段,无名组,③格式【字体未核】
河,30439.1,30439,癸酉卜貞束于河王賓　吉,神,,何/无名,小学堂,何组,①小学堂:何組
河,30439.14,30439,丁丑卜貞其禾于河惟祖丁祝用　吉,神,,何/无名,小学堂,何组,①小学堂:何組
河,30439.3,30439,貞王其田于Ｂ４７４于河　吉,非神,地名/河流,何/无名,小学堂,何组,①小学堂:何組
河,30440.1,30440,Ｔ１于河三牢王受祐,神,,何/无名,合集区段,无名组,③格式【字体未核】
河,30441.2,30441,河,未核,语境不足,何/无名,合集区段,三期未分,④
河,30442.1,30442,其遘河,未核,合30442.1末字疑雨(拓片)【未核】;河与兇同版一条不计,何/无名,合集区段,无名组,③格式【字体未核】
河,30649.1,30649,惟河　吉,未核,语境不足,何/无名,合集区段,无名组,③格式【字体未核】
河,30685.4,30685,其年于河惟雈用,神,,何/无名,合集区段,无名组,③格式【字体未核】
河,30688.5,30688,其年于河惟今辛亥受年,神,,何/无名,合集区段,无名组,③格式【字体未核】
河,31005.2,31005,河三沈二牛牢,神,,何/无名,合集区段,三期未分,④
河,31827,31827,河,未核,语境不足,何/无名,合集区段,三期未分,④
河,31984.1,31984,于河于岳用,神,,历组/𠂤历,小学堂,历组,①小学堂:歷組
河,32001正.2,32001,丁丑卜惟矢往禾于河受禾,神,,历组/𠂤历,小学堂,历组,①小学堂:歷組
河,32028.1,32028,辛未貞禾于河燎三牢沈三牛牢,神,,历组/𠂤历,小学堂,历组,①小学堂:歷組
河,32028.4,32028,辛未貞禾高祖河于辛巳,神,,历组/𠂤历,小学堂,历组,①小学堂:歷組
河,32028.6,32028,辛未貞于河禾,神,,历组/𠂤历,小学堂,历组,①小学堂:歷組
河,32161.2,32161,丁巳卜其燎于河牢沈,神,,历组/𠂤历,小学堂,历组,①小学堂:歷組
河,32212.3,32212,丙子有夢丁人于河其用,未核,语境不足,历组/𠂤历,小学堂,历组,①小学堂:歷組
河,32230.2,32230,庚戌貞侑河伐牢大牢　茲用,神,,历组/𠂤历,合集区段,历组,合集区段
河,32308.2,32308,己卯貞燎于河三牛沈三牛,神,,历组/𠂤历,小学堂,历组,①小学堂:歷組
河,32432,32432,癸未貞于大乙河燎,神,,历组/𠂤历,小学堂,历组,①小学堂:歷組
河,326.1,326,貞燎于河五牢沈十牛牢又羌十,神,,宾组,合集区段,宾组,合集区段
河,32663.2,32663,河暨上甲在十月有二小臣,神,,何/无名,小学堂,何组,①小学堂:何組
河,33052.2,33052,甲申于河告方來,神,,历组/𠂤历,小学堂,历组,①小学堂:歷組
河,33270.1,33270,甲子于河受禾,神,,历组/𠂤历,合集区段,历组,合集区段
河,33271.1,33271,己亥貞禾于河受禾,神,,历组/𠂤历,合集区段,历组,合集区段
河,33272.2,33272,辛未卜燎于河受禾,神,,历组/𠂤历,合集区段,历组,合集区段
河,33273.15,33273,壬申貞禾于河,神,,历组/𠂤历,小学堂,历组,①小学堂:歷組
河,33274.3,33274,癸未貞禾于河,神,,历组/𠂤历,合集区段,历组,合集区段
河,33275.3,33275,癸未貞禾于河,神,,历组/𠂤历,小学堂,历组,①小学堂:歷組
河,33276.1,33276,禾河燎小沈三牛牢,神,,历组/𠂤历,合集区段,历组,合集区段
河,33277.1,33277,壬申貞禾于河燎三牛沈三牛,神,,历组/𠂤历,小学堂,历组,①小学堂:歷組
河,33278.3,33278,壬申貞禾于河燎三牛沈三牛,神,,历组/𠂤历,合集区段,历组,合集区段
河,33279,33279,申貞其禾于河,神,,历组/𠂤历,合集区段,历组,合集区段
河,33280.1,33280,河燎五沈五,神,,历组/𠂤历,合集区段,历组,合集区段
河,33280.2,33280,癸巳貞禾河燎二沈牛,神,,历组/𠂤历,合集区段,历组,合集区段
河,33281.4,33281,甲辰卜其禾于河,神,,历组/𠂤历,合集区段,历组,合集区段
河,33282.2,33282,壬子貞其禾于河燎三沈五,神,,历组/𠂤历,合集区段,历组,合集区段
河,33282.5,33282,壬子貞其禾于河燎二沈牛二,神,,历组/𠂤历,合集区段,历组,合集区段
河,33283.1,33283,辛卯河牛二,神,,历组/𠂤历,小学堂,历组,①小学堂:歷組
河,33283.2,33283,辛卯貞其禾于河燎二沈牛二,神,,历组/𠂤历,小学堂,历组,①小学堂:歷組
河,33283.3,33283,河燎三沈牛三,神,,历组/𠂤历,小学堂,历组,①小学堂:歷組
河,33283.4,33283,辛卯貞禾于河Ｂ７５６惟丙,神,,历组/𠂤历,小学堂,历组,①小学堂:歷組
河,33284.1,33284,辛貞于河Ｂ７５６惟,未核,语境不足,历组/𠂤历,合集区段,历组,合集区段
河,33284.2,33284,癸巳貞禾于河燎三沈三,神,,历组/𠂤历,合集区段,历组,合集区段
河,33285.1,33285,巳禾于河燎牢,神,,历组/𠂤历,小学堂,历组,①小学堂:歷組
河,33286.4,33286,癸丑貞尋禾于河,神,,历组/𠂤历,合集区段,历组,合集区段
河,33287,33287,庚午貞尋禾于河,神,,历组/𠂤历,合集区段,历组,合集区段
河,33288.1,33288,貞王其禾于河,神,,历组/𠂤历,小学堂,历组,①小学堂:歷組
河,33288.2,33288,貞王禾于河,神,,历组/𠂤历,小学堂,历组,①小学堂:歷組
河,33300.1,33300,于河,未核,语境不足,历组/𠂤历,合集区段,历组,合集区段
河,33337.2,33337,庚寅卜惟河禾,神,,历组/𠂤历,小学堂,历组,①小学堂:歷組
河,33339.1,33339,卯河高祖禾,神,,历组/𠂤历,合集区段,历组,合集区段
河,33698.1,33698,庚辰貞日其告于河,神,,历组/𠂤历,小学堂,历组,①小学堂:歷組
河,33699,33699,戊子貞日有戠告于河,神,,历组/𠂤历,合集区段,历组,合集区段
河,33880.1,33880,乙亥卜河雨,神,,历组/𠂤历,合集区段,历组,合集区段
河,34058.2,34058,癸亥卜河其即宗十,神,,历组/𠂤历,合集区段,历组,合集区段
河,34115.2,34115,甲申貞羊河燎,神,,历组/𠂤历,合集区段,历组,合集区段
河,34115.3,34115,河燎其,神,,历组/𠂤历,合集区段,历组,合集区段
河,34144.1,34144,丁未貞告其于河五牢,神,,历组/𠂤历,合集区段,历组,合集区段
河,34185.1,34185,己亥卜田率燎土豕Ｔ９豕河豕岳豕,神,,历组/𠂤历,小学堂,历组,①小学堂:歷組
河,34186.2,34186,河,未核,语境不足,历组/𠂤历,合集区段,历组,合集区段
河,34200.1,34200,辛貞燎河,神,,历组/𠂤历,小学堂,历组,①小学堂:歷組
河,34207.1,34207,河沈二牛,神,,历组/𠂤历,合集区段,历组,合集区段
河,34207.2,34207,河燎卯三牛,神,,历组/𠂤历,合集区段,历组,合集区段
河,34207.3,34207,河燎卯三牛,神,,历组/𠂤历,合集区段,历组,合集区段
河,34225.3,34225,癸巳貞既燎于河于岳,神,,历组/𠂤历,合集区段,历组,合集区段
河,34229.11,34229,己卯惟河,神,,历组/𠂤历,小学堂,历组,①小学堂:歷組
河,34233.1,34233,侑河,神,,历组/𠂤历,小学堂,历组,①小学堂:歷組
河,34234.2,34234,酉貞岳河我,神,,历组/𠂤历,合集区段,历组,合集区段
河,34235.1,34235,乙酉貞取河其困于上甲雨,神,,历组/𠂤历,小学堂,历组,①小学堂:歷組
河,34236.2,34236,癸卯有Ｔ１于河沈卯三,神,,历组/𠂤历,小学堂,历组,①小学堂:歷組
河,34237.2,34237,癸亥貞河匚惟辛未,神,,历组/𠂤历,小学堂,历组,①小学堂:歷組
河,34238,34238,辛丑貞于河,未核,语境不足,历组/𠂤历,合集区段,历组,合集区段
河,34239.2,34239,貞于河燎三牛,神,,历组/𠂤历,小学堂,历组,①小学堂:歷組
河,34240.4,34240,癸巳卜侑于河,神,,历组/𠂤历,合集区段,历组,合集区段
河,34240.5,34240,癸巳卜侑于河　不用,神,,历组/𠂤历,合集区段,历组,合集区段
河,34241.2,34241,丑卜于河王其賓,神,,历组/𠂤历,合集区段,历组,合集区段
河,34242.2,34242,癸未卜燎于河受祐,神,,历组/𠂤历,合集区段,历组,合集区段
河,34244,34244,河燎五小,神,,历组/𠂤历,合集区段,历组,合集区段
河,34245,34245,卜河燎二牢,神,,历组/𠂤历,合集区段,历组,合集区段
河,34246.1,34246,河燎二牛,神,,历组/𠂤历,合集区段,历组,合集区段
河,34246.2,34246,河燎三牛,神,,历组/𠂤历,合集区段,历组,合集区段
河,34246.3,34246,河燎惟羊二,神,,历组/𠂤历,合集区段,历组,合集区段
河,34246.4,34246,河燎惟羊三,神,,历组/𠂤历,合集区段,历组,合集区段
河,34246.5,34246,河燎五牛,神,,历组/𠂤历,合集区段,历组,合集区段
河,34247.1,34247,于河燎三牢,神,,历组/𠂤历,合集区段,历组,合集区段
河,34248.3,34248,河燎三牢沈牛三,神,,历组/𠂤历,合集区段,历组,合集区段
河,34249.2,34249,河燎二,神,,历组/𠂤历,合集区段,历组,合集区段
河,34250,34250,卜河燎其,神,,历组/𠂤历,合集区段,历组,合集区段
河,34251,34251,辰貞河燎,神,,历组/𠂤历,合集区段,历组,合集区段
河,34252,34252,河,未核,语境不足,历组/𠂤历,合集区段,历组,合集区段
河,34253.5,34253,河其,未核,语境不足,历组/𠂤历,合集区段,历组,合集区段
河,34254,34254,貞往于河,未核,语境不足,历组/𠂤历,合集区段,历组,合集区段
河,34255.2,34255,于河東Ｂ７９２奠即祐,非神,地名/河流,历组/𠂤历,小学堂,历组,①小学堂:歷組
河,34256,34256,庚寅卜告尹Ｂ７９３冊于河廼,神,,历组/𠂤历,小学堂,历组,①小学堂:歷組
河,34257.2,34257,五牢于河,神,,历组/𠂤历,合集区段,历组,合集区段
河,34257.3,34257,貞禾（？）河,神,,历组/𠂤历,合集区段,历组,合集区段
河,34258,34258,于河牢　茲用,神,,历组/𠂤历,合集区段,历组,合集区段
河,34259.1,34259,河三牢,神,,历组/𠂤历,合集区段,历组,合集区段
河,34260,34260,河王,未核,语境不足,历组/𠂤历,小学堂,历组,①小学堂:歷組
河,34261.1,34261,戠河,未核,语境不足,历组/𠂤历,小学堂,历组,①小学堂:歷組
河,34262,34262,乙亥貞河,未核,语境不足,历组/𠂤历,合集区段,历组,合集区段
河,34263,34263,丁酉卜河以岳,未核,疑人名/役使,历组/𠂤历,小学堂,历组,①小学堂:歷組
河,34264.2,34264,河剛惟,未核,语境不足,历组/𠂤历,合集区段,历组,合集区段
河,34267.4,34267,辛亥卜有燎于河,神,,历组/𠂤历,小学堂,历组,①小学堂:歷組
河,34268.4,34268,辛亥卜有燎于河,神,,历组/𠂤历,小学堂,历组,①小学堂:歷組
河,34269,34269,丁巳卜Ｔ９河,神,,历组/𠂤历,合集区段,历组,合集区段
河,34273,34273,燎Ｔ９河,神,,历组/𠂤历,合集区段,历组,合集区段
河,34294.1,34294,辛巳卜貞王亥上甲即于河,神,,历组/𠂤历,小学堂,历组,①小学堂:歷組
河,34294.2,34294,巳卜王河,未核,语境不足,历组/𠂤历,小学堂,历组,①小学堂:歷組
河,34295.2,34295,卜今日舞河暨岳雨,神,,𠂤组,小学堂,𠂤宾间,①小学堂:𠂤賓間
河,34585.3,34585,河祟,神,,历组/𠂤历,小学堂,历组,①小学堂:歷組
河,35288.2,35288,河五牢（？）,神,,历组/𠂤历,小学堂,历组,①小学堂:歷組
河,39557.3,39557,甲禦河,神,,"第13册(补遗,未分)",合集区段,第13册(未分),合集区段
河,39565.2,39565,貞于河燎,神,,"第13册(补遗,未分)",合集区段,第13册(未分),合集区段
河,39649.2,39649,貞于河,未核,语境不足,"第13册(补遗,未分)",合集区段,第13册(未分),合集区段
河,39857.7,39857,貞于河告,神,,"第13册(补遗,未分)",合集区段,第13册(未分),合集区段
河,40058.1,40058,取以河,神,,"第13册(补遗,未分)",合集区段,第13册(未分),合集区段
河,40096.2,40096,于河,未核,语境不足,"第13册(补遗,未分)",合集区段,第13册(未分),合集区段
河,40107.3,40107,貞年于河,神,,"第13册(补遗,未分)",合集区段,第13册(未分),合集区段
河,40108.3,40108,年于河,神,,"第13册(补遗,未分)",合集区段,第13册(未分),合集区段
河,40109正.0,40109,年于河,神,,"第13册(补遗,未分)",合集区段,第13册(未分),合集区段
河,40111.1,40111,燎于河,神,,"第13册(补遗,未分)",合集区段,第13册(未分),合集区段
河,40112正.2,40112,丙子卜爭貞燎于河沈五牛,神,,"第13册(补遗,未分)",合集区段,第13册(未分),合集区段
河,40116.1,40116,河弗我年,神,,"第13册(补遗,未分)",合集区段,第13册(未分),合集区段
河,40147.2,40147,河,未核,语境不足,"第13册(补遗,未分)",合集区段,第13册(未分),合集区段
河,40403,40403,河二沈三,神,,"第13册(补遗,未分)",合集区段,第13册(未分),合集区段
河,40404.2,40404,沈于河,神,,"第13册(补遗,未分)",合集区段,第13册(未分),合集区段
河,40405,40405,貞沈二河三,神,,"第13册(补遗,未分)",合集区段,第13册(未分),合集区段
河,40406,40406,酉卜于河沈,神,,"第13册(补遗,未分)",合集区段,第13册(未分),合集区段
河,40407,40407,未卜于河秋,未核,语境不足,"第13册(补遗,未分)",合集区段,第13册(未分),合集区段
河,40408,40408,貞令屰河,未核,疑人名/役使,"第13册(补遗,未分)",合集区段,第13册(未分),合集区段
河,40409.1,40409,丙河二豕,神,,"第13册(补遗,未分)",合集区段,第13册(未分),合集区段
河,40410.1,40410,貞侑于河,神,,"第13册(补遗,未分)",合集区段,第13册(未分),合集区段
河,40412.1,40412,辛丑卜貞河保,神,,"第13册(补遗,未分)",合集区段,第13册(未分),合集区段
河,40413,40413,河三羊,神,,"第13册(补遗,未分)",合集区段,第13册(未分),合集区段
河,40414.1,40414,貞今水河,未核,语境不足,"第13册(补遗,未分)",合集区段,第13册(未分),合集区段
河,40415.2,40415,貞呼往見于河有來,未核,语境不足,"第13册(补遗,未分)",合集区段,第13册(未分),合集区段
河,40436.1,40436,河牛我,神,,"第13册(补遗,未分)",合集区段,第13册(未分),合集区段
河,40438.5,40438,貞燎于河,神,,"第13册(补遗,未分)",合集区段,第13册(未分),合集区段
河,40440.2,40440,辛其河,未核,语境不足,"第13册(补遗,未分)",合集区段,第13册(未分),合集区段
河,40440.3,40440,貞呼剛目光河以洹,未核,疑人名/役使,"第13册(补遗,未分)",合集区段,第13册(未分),合集区段
河,40549,40549,貞沈河（？）牛,神,,"第13册(补遗,未分)",合集区段,第13册(未分),合集区段
河,4057.1,4057,禦燎于河羌,神,,宾组,合集区段,宾组,合集区段
河,4072.2,4072,侑河,神,,宾组,合集区段,宾组,合集区段
河,41000.2,41000,河燎,神,,"第13册(补遗,未分)",合集区段,第13册(未分),合集区段
河,41219,41219,未卜王受河二牢丁其,神,,"第13册(补遗,未分)",合集区段,第13册(未分),合集区段
河,4141.15,4141,翌辛丑呼雀河三十,未核,语境不足,宾组,合集区段,宾组,合集区段
河,41535.2,41535,其年于河（？）,神,,"第13册(补遗,未分)",合集区段,第13册(未分),合集区段
河,41538.5,41538,河（？）,未核,语境不足,"第13册(补遗,未分)",合集区段,第13册(未分),合集区段
河,41540.3,41540,丙貞有Ｃ２４３于河其,未核,语境不足,"第13册(补遗,未分)",合集区段,第13册(未分),合集区段
河,41655.3,41655,惟河,未核,语境不足,"第13册(补遗,未分)",合集区段,第13册(未分),合集区段
河,41657.1,41657,燎河牛二,神,,"第13册(补遗,未分)",合集区段,第13册(未分),合集区段
河,41657.2,41657,燎河牛二,神,,"第13册(补遗,未分)",合集区段,第13册(未分),合集区段
河,41657.3,41657,河,未核,语境不足,"第13册(补遗,未分)",合集区段,第13册(未分),合集区段
河,41658.1,41658,其河燎,神,,"第13册(补遗,未分)",合集区段,第13册(未分),合集区段
河,41658.2,41658,河燎,神,,"第13册(补遗,未分)",合集区段,第13册(未分),合集区段
河,41659.1,41659,沈百（？）牛于河,神,,"第13册(补遗,未分)",合集区段,第13册(未分),合集区段
河,41661.1,41661,庚貞于河三牢沈（？）,神,,"第13册(补遗,未分)",合集区段,第13册(未分),合集区段
河,41754.5,41754,癸酉卜在巳奠河邑泳貞王旬無惟來征人方,非神,地名/河流,子组/非王,小学堂,子组/非王,①小学堂:子組
河,4356,4356,甲戌卜貞呼往見于河至,未核,语境不足,宾组,合集区段,宾组,合集区段
河,5049,5049,己未卜貞王呼从河,未核,疑人名/役使,宾组,合集区段,宾组,合集区段
河,5159,5159,貞王觀河若　二告　不黽　小告,神,,宾组,合集区段,宾组,合集区段
河,5225,5225,壬辰其涉河晹日,非神,地名/河流,宾组,合集区段,宾组,合集区段
河,5226,5226,涉河王生七,非神,地名/河流,宾组,合集区段,宾组,合集区段
河,536.7,536,庚子卜貞令子商先涉羌于河,未核,涉/觀河+羌/若,宾组,小学堂,宾组,①小学堂:賓組
河,536.8,536,庚子卜貞勿令子商先涉羌于河,未核,涉/觀河+羌/若,宾组,小学堂,宾组,①小学堂:賓組
河,551.17,551,甲子卜貞蓺祟雨娥于河,神,,宾组,合集区段,宾组,合集区段
河,5523,5523,乙酉卜丁亥人于河,未核,语境不足,宾组,合集区段,宾组,合集区段
河,5566.1,5566,癸巳卜古貞令師般涉于河東,非神,地名/河流,宾组,小学堂,宾组,①小学堂:賓組
河,5684.4,5684,貞勿呼涉河,非神,地名/河流,宾组,合集区段,宾组,合集区段
河,6133.1,6133,貞于河告方,神,,宾组,合集区段,宾组,合集区段
河,6152.2,6152,貞方于河匄,神,,宾组,合集区段,宾组,合集区段
河,6203.2,6203,壬申卜貞于河匄方,神,,宾组,合集区段,宾组,合集区段
河,6331.1,6331,甲申卜貞其匚于河來辛丑,神,,宾组,合集区段,宾组,合集区段
河,658,658,辛丑卜于河妾,未核,语境不足,宾组,小学堂,宾组,①小学堂:賓組
河,660.2,660,河牛我,神,,宾组,合集区段,宾组,合集区段
河,683.1,683,丁酉卜貞于河女　二告,神,,宾组,合集区段,宾组,合集区段
河,686.2,686,禦方于河妻,神,,宾组,合集区段,宾组,合集区段
河,805,805,丙戌卜爭貞其告執于河,神,,宾组,合集区段,宾组,合集区段
河,8212.1,8212,貞自人于河,未核,语境不足,宾组,合集区段,宾组,合集区段
河,8322,8322,卜貞涉河我以,非神,地名/河流,宾组,合集区段,宾组,合集区段
河,8323,8323,涉河其,非神,地名/河流,宾组,合集区段,宾组,合集区段
河,8324,8324,貞勿于河,未核,语境不足,宾组,小学堂,宾组,①小学堂:賓組
河,8325.2,8325,匕河東,非神,地名/河流,宾组,合集区段,宾组,合集区段
河,8326,8326,呼目于河有來,未核,语境不足,宾组,合集区段,宾组,合集区段
河,8327,8327,獻于河,神,,宾组,合集区段,宾组,合集区段
河,8328,8328,獻于河允無,神,,宾组,小学堂,宾组,①小学堂:賓組
河,8329.7,8329,貞往于河有雨,未核,语境不足,宾组,小学堂,宾组,①小学堂:賓組
河,8331,8331,貞往于河,未核,语境不足,宾组,合集区段,宾组,合集区段
河,8333.1,8333,往河,未核,语境不足,宾组,合集区段,宾组,合集区段
河,8333.4,8333,往于河無雨,未核,语境不足,宾组,合集区段,宾组,合集区段
河,8409,8409,虎方其涉河東其,非神,地名/河流,宾组,小学堂,宾组,①小学堂:賓組
河,8568.2,8568,貞于河,未核,语境不足,宾组,合集区段,宾组,合集区段
河,8724.6,8724,貞侑于河,神,,宾组,合集区段,宾组,合集区段
河,8763,8763,西將河,未核,语境不足,宾组,合集区段,宾组,合集区段
河,8950.2,8950,貞勿燎于河,神,,宾组,合集区段,宾组,合集区段
河,9575.6,9575,卜爭河婦暨衛有,未核,语境不足,宾组,小学堂,宾组,①小学堂:賓組
河,9627.3,9627,甲申卜貞告秋于河,神,,宾组,小学堂,宾组,①小学堂:賓組
河,9644.3,9644,卜爭乙未于河,未核,语境不足,宾组,合集区段,宾组,合集区段
河,9966.1,9966,侑于河,神,,宾组,合集区段,宾组,合集区段
河,9966.2,9966,貞侑于河,神,,宾组,合集区段,宾组,合集区段
岳,00268臼.0,268,丙申示二屯　岳,非神,记事刻辞签署人名,宾组,合集区段,宾组,合集区段
岳,00390臼.0,390,戊戌婦喜示一屯　岳,非神,记事刻辞签署人名,宾组,合集区段,宾组,合集区段
岳,01824反.3,1824,丁巳卜貞燎于岳,神,,宾组,小学堂,宾组,①小学堂:賓組
岳,01824正.8,1824,丁巳卜貞燎于岳,神,,宾组,小学堂,宾组,①小学堂:賓組
岳,02325反.0,2325,岳,未核,语境不足,宾组,合集区段,宾组,合集区段
岳,02373正.1,2373,戊寅卜古貞于岳　二告,神,,宾组,合集区段,宾组,合集区段
岳,02373正.2,2373,貞燎于岳,神,,宾组,合集区段,宾组,合集区段
岳,02373正.5,2373,戊寅卜古貞燎岳,神,,宾组,合集区段,宾组,合集区段
岳,02734反.0,2734,岳,未核,语境不足,宾组,合集区段,宾组,合集区段
岳,03460正.1,3460,貞于岳,未核,语境不足,宾组,合集区段,宾组,合集区段
岳,03467臼.0,3467,寅婦示三屯　岳,非神,记事刻辞签署人名,宾组,小学堂,宾组,①小学堂:賓組
岳,04632臼.0,4632,壬午邑示八屯　岳,非神,记事刻辞签署人名,宾组,合集区段,宾组,合集区段
岳,04965反.0,4965,岳,未核,语境不足,宾组,合集区段,宾组,合集区段
岳,04965正.2,4965,丁亥貞岳,未核,语境不足,宾组,合集区段,宾组,合集区段
岳,04966反.0,4966,岳,未核,语境不足,宾组,合集区段,宾组,合集区段
岳,05130臼,5130,示一屯　岳,非神,记事刻辞签署人名,宾组,合集区段,宾组,合集区段
岳,05522正.1,5522,己卯卜貞取岳,神,,宾组,合集区段,宾组,合集区段
岳,05545臼,5545,甲辰婦栕示二屯　岳,非神,记事刻辞签署人名,宾组,合集区段,宾组,合集区段
岳,05817反,5817,貞岳,未核,语境不足,宾组,合集区段,宾组,合集区段
岳,06064反.1,6064,入于岳（？）唐,未核,语境不足,宾组,合集区段,宾组,合集区段
岳,06156正.6,6156,貞于岳,未核,语境不足,宾组,合集区段,宾组,合集区段
岳,06385臼,6385,己丑羌立示四屯　岳,非神,记事刻辞签署人名,宾组,合集区段,宾组,合集区段
岳,06451臼,6451,庚午婦寶示三屯　岳,非神,记事刻辞签署人名,宾组,小学堂,宾组,①小学堂:賓組
岳,06630反,6630,示十屯　岳,非神,记事刻辞签署人名,宾组,合集区段,宾组,合集区段
岳,07103正.3,7103,癸酉卜岳八月,未核,语境不足,宾组,合集区段,宾组,合集区段
岳,07264反,7264,王　岳,非神,记事刻辞签署人名,宾组,合集区段,宾组,合集区段
岳,07322臼,7322,壬辰邑示一屯　岳,非神,记事刻辞签署人名,宾组,合集区段,宾组,合集区段
岳,07381臼,7381,己丑史示三屯　岳,非神,记事刻辞签署人名,宾组,合集区段,宾组,合集区段
岳,07391臼,7391,岳,未核,语境不足,宾组,合集区段,宾组,合集区段
岳,07394反,7394,在癸宗　岳,非神,记事刻辞签署人名,宾组,合集区段,宾组,合集区段
岳,07757反,7757,王其允　岳,非神,记事刻辞签署人名,宾组,合集区段,宾组,合集区段
岳,08330正.2,8330,惟禘岳,神,,宾组,合集区段,宾组,合集区段
岳,08392反.0,8392,王岳,未核,语境不足,宾组,合集区段,宾组,合集区段
岳,08605反.0,8605,岳,未核,语境不足,宾组,合集区段,宾组,合集区段
岳,08852臼.0,8852,岳,未核,语境不足,宾组,合集区段,宾组,合集区段
岳,09139反.0,9139,岳,未核,语境不足,宾组,合集区段,宾组,合集区段
岳,09177正.7,9177,舞岳侑,神,,宾组,小学堂,宾组,①小学堂:賓組
岳,09298正.0,9298,貞岳,未核,语境不足,宾组,合集区段,宾组,合集区段
岳,09530臼.0,9530,岳,未核,语境不足,宾组,小学堂,宾组,①小学堂:賓組
岳,09534反.0,9534,岳,未核,语境不足,宾组,合集区段,宾组,合集区段
岳,09607反.1,9607,于岳,未核,语境不足,宾组,小学堂,宾组,①小学堂:賓組
岳,09658正.1,9658,辛巳卜貞祀岳來歲受年　二告,神,,宾组,合集区段,宾组,合集区段
岳,10069,10069,貞年岳小卯,神,,宾组,合集区段,宾组,合集区段
岳,10070.1,10070,戊午卜韋貞年于岳,神,,宾组,合集区段,宾组,合集区段
岳,10071.1,10071,貞岳年,神,,宾组,小学堂,宾组,①小学堂:賓組
岳,10072,10072,貞年岳,神,,宾组,合集区段,宾组,合集区段
岳,10073.2,10073,岳年,神,,宾组,合集区段,宾组,合集区段
岳,10074,10074,丙申貞丑年岳,神,,宾组,合集区段,宾组,合集区段
岳,10075正.2,10075,癸卯卜貞年于岳,神,,宾组,小学堂,宾组,①小学堂:賓組
岳,10076.1,10076,戊午卜貞年于岳河夒,神,,宾组,小学堂,宾组,①小学堂:賓組
岳,10077正.2,10077,貞年于岳,神,,宾组,合集区段,宾组,合集区段
岳,10078正.0,10078,貞年于岳,神,,宾组,合集区段,宾组,合集区段
岳,10079.1,10079,貞年于岳一月,神,,宾组,合集区段,宾组,合集区段
岳,10079.2,10079,勿于岳,未核,语境不足,宾组,合集区段,宾组,合集区段
岳,10080.2,10080,貞年于岳,神,,宾组,小学堂,宾组,①小学堂:賓組
岳,10081,10081,岳年,神,,宾组,合集区段,宾组,合集区段
岳,10084.2,10084,辛卜古貞年于岳燎三小卯三牛二月,神,,宾组,小学堂,宾组,①小学堂:賓組
岳,10085臼.0,10085,丁亥邑示六屯　岳,非神,记事刻辞签署人名,宾组,小学堂,宾组,①小学堂:賓組
岳,10126,10126,壬申卜貞岳年,神,,宾组,合集区段,宾组,合集区段
岳,10139.4,10139,貞年于岳,神,,宾组,合集区段,宾组,合集区段
岳,10183反.0,10183,岳　　,未核,语境不足,宾组,合集区段,宾组,合集区段
岳,10228臼.0,10228,戊戌婦Ｄ０１２示一屯　岳,非神,记事刻辞签署人名,宾组,合集区段,宾组,合集区段
岳,10308.2,10308,古貞燎于岳,神,,宾组,小学堂,宾组,①小学堂:賓組
岳,10569,10569,岳于茲田,未核,语境不足,宾组,合集区段,宾组,合集区段
岳,10594.4,10594,丙戌卜古貞燎于岳,神,,宾组,合集区段,宾组,合集区段
岳,10940.2,10940,貞于岳,未核,语境不足,宾组,合集区段,宾组,合集区段
岳,10965.1,10965,丙戌卜古貞燎于岳,神,,宾组,合集区段,宾组,合集区段
岳,11171臼.0,11171,壬戌子央示二屯　岳,非神,记事刻辞签署人名,宾组,合集区段,宾组,合集区段
岳,11452臼.0,11452,巳Ｇ７１６示二屯　岳,非神,记事刻辞签署人名,宾组,合集区段,宾组,合集区段
岳,1198.3,1198,丙子岳,未核,语境不足,宾组,合集区段,宾组,合集区段
岳,12653.2,12653,岳有雨,神,,宾组,合集区段,宾组,合集区段
岳,12683.2,12683,卜貞岳雨,神,,宾组,合集区段,宾组,合集区段
岳,12687.2,12687,岳雨我,神,,宾组,合集区段,宾组,合集区段
岳,12842正.1,12842,勿舞岳,神,,宾组,合集区段,宾组,合集区段
岳,12842正.2,12842,勿舞岳,神,,宾组,合集区段,宾组,合集区段
岳,12847.2,12847,岳,未核,语境不足,宾组,合集区段,宾组,合集区段
岳,12852.2,12852,舞岳,神,,宾组,合集区段,宾组,合集区段
岳,12852.6,12852,壬申卜貞來岳,未核,语境不足,宾组,合集区段,宾组,合集区段
岳,12855.2,12855,庚午卜雨于岳,神,,宾组,小学堂,宾组,①小学堂:賓組
岳,12856,12856,卜雨岳,神,,宾组,合集区段,宾组,合集区段
岳,12863.2,12863,貞于岳匄,神,,宾组,合集区段,宾组,合集区段
岳,12864.1,12864,甲子卜貞于岳祟雨,神,,宾组,合集区段,宾组,合集区段
岳,12950.2,12950,岳,未核,语境不足,宾组,合集区段,宾组,合集区段
岳,13246正.2,13246,侑岳,神,,宾组,合集区段,宾组,合集区段
岳,13521臼.0,13521,岳,未核,语境不足,宾组,小学堂,宾组,①小学堂:賓組
岳,13624正.2,13624,貞取岳,神,,宾组,小学堂,宾组,①小学堂:賓組
岳,13854臼.0,13854,丁卯婦示二屯　岳,非神,记事刻辞签署人名,宾组,合集区段,宾组,合集区段
岳,13887.4,13887,貞取岳,神,,宾组,合集区段,宾组,合集区段
岳,14207正.7,14207,貞舞岳有雨,神,,宾组,小学堂,宾组,①小学堂:賓組
岳,14207正.8,14207,貞岳無其雨,神,,宾组,小学堂,宾组,①小学堂:賓組
岳,14230反.0,14230,岳,未核,语境不足,宾组,合集区段,宾组,合集区段
岳,14250.4,14250,戊午卜貞惟岳,未核,语境不足,宾组,小学堂,宾组,①小学堂:賓組
岳,14337臼.0,14337,辛未卜示一屯　岳,非神,记事刻辞签署人名,宾组,合集区段,宾组,合集区段
岳,14380.3,14380,卜貞取岳,神,,宾组,合集区段,宾组,合集区段
岳,14389.1,14389,岳,未核,语境不足,宾组,小学堂,宾组,①小学堂:賓組
岳,14398.3,14398,貞王舌岳,未核,语境不足,宾组,合集区段,宾组,合集区段
岳,14399正.1,14399,癸未卜貞燎于土于岳,神,,宾组,合集区段,宾组,合集区段
岳,14409.1,14409,辛卯卜古貞侑于岳,神,,宾组,合集区段,宾组,合集区段
岳,14410.4,14410,貞侑于岳,神,,宾组,合集区段,宾组,合集区段
岳,14411.2,14411,侑于岳,神,,宾组,合集区段,宾组,合集区段
岳,14411.3,14411,貞燎于岳,神,,宾组,合集区段,宾组,合集区段
岳,14411.4,14411,侑于岳,神,,宾组,合集区段,宾组,合集区段
岳,14412.2,14412,侑于岳,神,,宾组,合集区段,宾组,合集区段
岳,14412.3,14412,貞于岳,未核,语境不足,宾组,合集区段,宾组,合集区段
岳,14412.4,14412,侑于岳,神,,宾组,合集区段,宾组,合集区段
岳,14413.1,14413,貞岳,未核,语境不足,宾组,合集区段,宾组,合集区段
岳,14413.2,14413,貞侑于岳,神,,宾组,合集区段,宾组,合集区段
岳,14414,14414,貞侑于岳,神,,宾组,合集区段,宾组,合集区段
岳,14415,14415,貞侑于岳,神,,宾组,合集区段,宾组,合集区段
岳,14416.2,14416,侑岳,神,,宾组,小学堂,宾组,①小学堂:賓組
岳,14417,14417,乙亥侑于岳,神,,宾组,合集区段,宾组,合集区段
岳,14418.1,14418,貞侑于岳,神,,宾组,合集区段,宾组,合集区段
岳,14419.1,14419,勿侑于岳,神,,宾组,合集区段,宾组,合集区段
岳,14420.1,14420,貞于岳有賓,神,,宾组,合集区段,宾组,合集区段
岳,14421.2,14421,貞岳賓,神,,宾组,合集区段,宾组,合集区段
岳,14422.2,14422,貞岳賓我燎,神,,宾组,小学堂,宾组,①小学堂:賓組
岳,14423,14423,癸卯卜貞告岳,神,,宾组,合集区段,宾组,合集区段
岳,14424,14424,戊貞岳,未核,语境不足,宾组,合集区段,宾组,合集区段
岳,14425,14425,丁巳卜于岳,未核,语境不足,宾组,合集区段,宾组,合集区段
岳,14426.2,14426,午卜岳,未核,语境不足,宾组,合集区段,宾组,合集区段
岳,14427,14427,岳,未核,语境不足,宾组,合集区段,宾组,合集区段
岳,14428,14428,岳,未核,语境不足,宾组,合集区段,宾组,合集区段
岳,14429,14429,岳,未核,语境不足,宾组,合集区段,宾组,合集区段
岳,14430,14430,丙子貞方于岳,未核,语境不足,宾组,合集区段,宾组,合集区段
岳,14431正.3,14431,癸丑卜貞于岳,未核,语境不足,宾组,合集区段,宾组,合集区段
岳,14432.1,14432,勿于岳,未核,语境不足,宾组,合集区段,宾组,合集区段
岳,14433正.1,14433,丁酉卜貞燎于岳,神,,宾组,合集区段,宾组,合集区段
岳,14434,14434,庚辰卜燎于岳,神,,宾组,合集区段,宾组,合集区段
岳,14435,14435,癸卯卜貞燎于岳三,神,,宾组,合集区段,宾组,合集区段
岳,14436.5,14436,癸酉卜貞燎于岳三小卯三,神,,宾组,小学堂,宾组,①小学堂:賓組
岳,14436.6,14436,丙子卜貞岳三小卯三,神,,宾组,小学堂,宾组,①小学堂:賓組
岳,14437.1,14437,己丑卜貞燎于岳,神,,宾组,合集区段,宾组,合集区段
岳,14438正.0,14438,辛酉卜貞燎于岳,神,,宾组,合集区段,宾组,合集区段
岳,14439,14439,酉卜燎于岳三豕九,神,,宾组,合集区段,宾组,合集区段
岳,14440.2,14440,甲午卜韋貞燎于岳,神,,宾组,合集区段,宾组,合集区段
岳,14441,14441,燎于岳,神,,宾组,合集区段,宾组,合集区段
岳,14442,14442,貞燎于岳,神,,宾组,合集区段,宾组,合集区段
岳,14443正.0,14443,貞燎于岳,神,,宾组,合集区段,宾组,合集区段
岳,14444,14444,辛卯卜燎于岳,神,,宾组,合集区段,宾组,合集区段
岳,14445,14445,丙辰貞燎岳,神,,宾组,合集区段,宾组,合集区段
岳,14446,14446,月燎于岳雨,神,,宾组,合集区段,宾组,合集区段
岳,14447,14447,貞燎岳呼歸,神,,宾组,合集区段,宾组,合集区段
岳,14448,14448,庚子貞往燎岳,神,,宾组,合集区段,宾组,合集区段
岳,14449,14449,癸卯貞燎岳,神,,宾组,合集区段,宾组,合集区段
岳,14450正.2,14450,貞于岳燎三月,神,,宾组,合集区段,宾组,合集区段
岳,14451,14451,辳乞燎于岳十月,神,,宾组,小学堂,宾组,①小学堂:賓組
岳,14452正.0,14452,今日燎于岳犬,神,,宾组,合集区段,宾组,合集区段
岳,14453,14453,呼雀燎于岳　二告,神,,宾组,合集区段,宾组,合集区段
岳,14454.2,14454,貞勿燎于岳,神,,宾组,合集区段,宾组,合集区段
岳,14455.2,14455,于岳,未核,语境不足,宾组,小学堂,宾组,①小学堂:賓組
岳,14456正.0,14456,貞勿燎于岳,神,,宾组,合集区段,宾组,合集区段
岳,14457.2,14457,癸酉卜貞取岳廼燎,神,,宾组,合集区段,宾组,合集区段
岳,14458,14458,取岳,神,,宾组,合集区段,宾组,合集区段
岳,14459.1,14459,貞癸丑取岳,神,,宾组,合集区段,宾组,合集区段
岳,14460.1,14460,取岳,神,,宾组,合集区段,宾组,合集区段
岳,14460.2,14460,取岳,神,,宾组,合集区段,宾组,合集区段
岳,14461反.0,14461,取岳,神,,宾组,合集区段,宾组,合集区段
岳,14462,14462,取岳雨,神,,宾组,合集区段,宾组,合集区段
岳,14463,14463,貞惟岳取,神,,宾组,小学堂,宾组,①小学堂:賓組
岳,14464,14464,取岳,神,,宾组,合集区段,宾组,合集区段
岳,14465,14465,戌卜取岳,神,,宾组,合集区段,宾组,合集区段
岳,14466,14466,午卜爭取岳石,神,,宾组,小学堂,宾组,①小学堂:賓組
岳,14467.1,14467,貞我岳,未核,语境不足,宾组,合集区段,宾组,合集区段
岳,14467.2,14467,勿取岳,神,,宾组,合集区段,宾组,合集区段
岳,14468正.4,14468,貞取岳有雨,神,,宾组,小学堂,宾组,①小学堂:賓組
岳,14469反.2,14469,貞呼岳,非神,人名(呼令对象),宾组,合集区段,宾组,合集区段
岳,14470正.2,14470,貞方帝廼岳,神,,宾组,合集区段,宾组,合集区段
岳,14471正.0,14471,癸亥卜貞翌辛未岳三小卯三,神,,宾组,合集区段,宾组,合集区段
岳,14472,14472,甲辰卜爭貞我舞岳,神,,宾组,合集区段,宾组,合集区段
岳,14473,14473,勿舞岳,神,,宾组,合集区段,宾组,合集区段
岳,14474正.1,14474,壬戌卜貞尋燎于岳,神,,宾组,合集区段,宾组,合集区段
岳,14475,14475,貞奏岳,神,,宾组,合集区段,宾组,合集区段
岳,14476,14476,岳,未核,语境不足,宾组,合集区段,宾组,合集区段
岳,14477,14477,貞望岳,神,,宾组,合集区段,宾组,合集区段
岳,14478.1,14478,貞岳,未核,语境不足,宾组,小学堂,宾组,①小学堂:賓組
岳,14478.3,14478,岳,未核,语境不足,宾组,小学堂,宾组,①小学堂:賓組
岳,14479.3,14479,貞岳,未核,语境不足,宾组,合集区段,宾组,合集区段
岳,14480.1,14480,丁酉貞岳雨,神,,宾组,合集区段,宾组,合集区段
岳,14481,14481,貞岳雨,神,,宾组,合集区段,宾组,合集区段
岳,14482,14482,癸酉卜寧雨岳,神,,宾组,合集区段,宾组,合集区段
岳,14483,14483,庚午卜貞辛未岳有雨,神,,宾组,合集区段,宾组,合集区段
岳,14484,14484,卜貞岳雨,神,,宾组,合集区段,宾组,合集区段
岳,14485,14485,岳無其雨,神,,宾组,合集区段,宾组,合集区段
岳,14486正.0,14486,岳有雨,神,,宾组,合集区段,宾组,合集区段
岳,14487.2,14487,卜貞岳肇我雨,神,,宾组,合集区段,宾组,合集区段
岳,14488.1,14488,庚爭貞岳我,未核,语境不足,宾组,合集区段,宾组,合集区段
岳,14488.2,14488,庚戌卜爭貞岳不我,未核,语境不足,宾组,合集区段,宾组,合集区段
岳,14489,14489,貞岳不我,未核,语境不足,宾组,合集区段,宾组,合集区段
岳,14490反.2,14490,于岳,未核,语境不足,宾组,合集区段,宾组,合集区段
岳,14491正.0,14491,于岳,未核,语境不足,宾组,合集区段,宾组,合集区段
岳,14492,14492,有岳我,未核,语境不足,宾组,合集区段,宾组,合集区段
岳,14493.2,14493,岳雨,神,,宾组,合集区段,宾组,合集区段
岳,14494.2,14494,岳,未核,语境不足,宾组,合集区段,宾组,合集区段
岳,14495,14495,貞惟岳,未核,语境不足,宾组,合集区段,宾组,合集区段
岳,14496.1,14496,乙未卜岳秋,未核,语境不足,宾组,小学堂,宾组,①小学堂:賓組
岳,14497.2,14497,岳,未核,语境不足,宾组,合集区段,宾组,合集区段
岳,14498,14498,貞岳,未核,语境不足,宾组,合集区段,宾组,合集区段
岳,14499,14499,貞于未Ｇ８６９于岳,未核,语境不足,宾组,合集区段,宾组,合集区段
岳,14500,14500,乙卜岳自,未核,语境不足,宾组,合集区段,宾组,合集区段
岳,14501,14501,岳,未核,语境不足,宾组,合集区段,宾组,合集区段
岳,14502.1,14502,貞岳,未核,语境不足,宾组,合集区段,宾组,合集区段
岳,14503,14503,岳一豕,神,,宾组,合集区段,宾组,合集区段
岳,14504.2,14504,惟岳,未核,语境不足,宾组,合集区段,宾组,合集区段
岳,14505,14505,岳茲三月,未核,语境不足,宾组,合集区段,宾组,合集区段
岳,14506,14506,岳其,未核,语境不足,宾组,合集区段,宾组,合集区段
岳,14507,14507,岳,未核,语境不足,宾组,合集区段,宾组,合集区段
岳,14508正.0,14508,岳,未核,语境不足,宾组,合集区段,宾组,合集区段
岳,14521.1,14521,貞祟雨我于岳,神,,宾组,合集区段,宾组,合集区段
岳,14587臼.0,14587,岳,未核,语境不足,宾组,合集区段,宾组,合集区段
岳,14658.4,14658,貞侑于岳,神,,宾组,合集区段,宾组,合集区段
岳,14807臼.0,14807,丙寅羌示一屯　岳,非神,记事刻辞签署人名,宾组,小学堂,宾组,①小学堂:賓組
岳,15506反.0,15506,卜岳,未核,语境不足,宾组,合集区段,宾组,合集区段
岳,15585臼.0,15585,入示岳,未核,语境不足,宾组,合集区段,宾组,合集区段
岳,15697反.0,15697,束盧岳,未核,语境不足,宾组,合集区段,宾组,合集区段
岳,17110反.0,17110,岳,未核,语境不足,宾组,合集区段,宾组,合集区段
岳,17492,17492,甲午婦井示三屯　岳,非神,记事刻辞签署人名,宾组,合集区段,宾组,合集区段
岳,17497臼.0,17497,婦井示　岳,非神,记事刻辞签署人名,宾组,合集区段,宾组,合集区段
岳,17511臼.0,17511,壬寅婦豐示二屯　岳,非神,记事刻辞签署人名,宾组,小学堂,宾组,①小学堂:賓組
岳,17513,17513,壬寅婦豐示二屯　岳,非神,记事刻辞签署人名,宾组,小学堂,宾组,①小学堂:賓組
岳,17515,17515,申婦豐示屯　岳,非神,记事刻辞签署人名,宾组,合集区段,宾组,合集区段
岳,17519,17519,婦喜　岳,非神,记事刻辞签署人名,宾组,合集区段,宾组,合集区段
岳,17535臼.0,17535,戊子婦Ａ１０９示四屯　岳,非神,记事刻辞签署人名,宾组,合集区段,宾组,合集区段
岳,17559,17559,壬午邑八屯　岳,非神,记事刻辞签署人名,宾组,合集区段,宾组,合集区段
岳,17561,17561,己未邑示四屯　岳內,非神,记事刻辞签署人名,宾组,合集区段,宾组,合集区段
岳,17562,17562,己未邑示四屯　岳內,非神,记事刻辞签署人名,宾组,合集区段,宾组,合集区段
岳,17567,17567,壬申邑示三屯　岳,非神,记事刻辞签署人名,宾组,合集区段,宾组,合集区段
岳,17574,17574,戊寅小邑示二屯　岳,非神,记事刻辞签署人名,宾组,合集区段,宾组,合集区段
岳,17586臼.0,17586,乙巳示屯二　岳,非神,记事刻辞签署人名,宾组,合集区段,宾组,合集区段
岳,17591,17591,壬申龜示四屯　岳,非神,记事刻辞签署人名,宾组,小学堂,宾组,①小学堂:賓組
岳,17602,17602,丁丑示二十屯　岳,非神,记事刻辞签署人名,宾组,合集区段,宾组,合集区段
岳,17605,17605,己卯示三屯　岳,非神,记事刻辞签署人名,宾组,小学堂,宾组,①小学堂:賓組
岳,17616,17616,壬戌示三屯　岳,非神,记事刻辞签署人名,宾组,合集区段,宾组,合集区段
岳,17624,17624,丁丑Ａ１１６示一屯　岳,非神,记事刻辞签署人名,宾组,小学堂,宾组,①小学堂:賓組
岳,17626,17626,羌Ａ１１６屯　岳,非神,记事刻辞签署人名,宾组,合集区段,宾组,合集区段
岳,17635臼.0,17635,丁巳示一屯　岳,非神,记事刻辞签署人名,宾组,合集区段,宾组,合集区段
岳,17638,17638,庚午示三屯　岳,非神,记事刻辞签署人名,宾组,小学堂,宾组,①小学堂:賓組
岳,17661,17661,屯　岳,非神,记事刻辞签署人名,宾组,合集区段,宾组,合集区段
岳,19500,19500,貞岳我鼎,未核,语境不足,宾组,合集区段,宾组,合集区段
岳,20186,20186,余Ｔ７７Ｔ７７岳,未核,语境不足,一期附(未分),合集区段,一期附(未分),合集区段
岳,20398.3,20398,辛巳卜奏岳比不比,神,,一期附(未分),合集区段,一期附(未分),合集区段
岳,20398.4,20398,乙酉卜丙奏岳比用不雨,神,,一期附(未分),合集区段,一期附(未分),合集区段
岳,20398.9,20398,丙申卜比岳,未核,语境不足,一期附(未分),合集区段,一期附(未分),合集区段
岳,21078.1,21078,乙丑卜丙寅奏岳（？）司（？）燎雨,神,,历组/𠂤历,小学堂,𠂤历间,①小学堂:𠂤歷間
岳,21109.3,21109,乙卯卜燎岳今舞,神,,一期附(未分),合集区段,一期附(未分),合集区段
岳,21110.1,21110,丙燎岳矢山,神,,子组/非王,小学堂,子组/非王,①小学堂:子組
岳,21115,21115,癸巳巫寧土河岳,神,,𠂤组,小学堂,𠂤组,①小学堂:𠂤組
岳,22153.1,22153,卜祀岳,神,,历组/𠂤历,小学堂,𠂤历间,①小学堂:𠂤歷間
岳,22419,22419,Ｔ９河岳岳,神,,子组/非王,小学堂,子组/非王,①小学堂:子組
岳,24417.1,24417,乙丑卜貞于岳（？）即,神,,出组,小学堂,出组,①小学堂:出組
岳,24960.1,24960,貞惟岳,未核,语境不足,出组,合集区段,出组,合集区段
岳,27465.1,27465,丁酉卜其年于岳,神,,何/无名,小学堂,无名组,①小学堂:歷無名間
岳,28255,28255,其年于岳茲有大雨　吉,神,,何/无名,合集区段,无名组,③格式【字体未核】
岳,28257.2,28257,年于岳惟,神,,何/无名,合集区段,无名组,③格式【字体未核】
岳,28281.2,28281,岳燎三牢,神,,何/无名,合集区段,三期未分,④
岳,29655.1,29655,其盟岳,神,,何/无名,小学堂,无名组,①小学堂:無名組
岳,30185,30185,岳雨,神,,何/无名,合集区段,三期未分,④
岳,30298.2,30298,于岳宗有雨,神,,何/无名,小学堂,无名组,①小学堂:無名組
岳,30329.1,30329,岳于之有大雨,神,,何/无名,合集区段,三期未分,④
岳,30329.2,30329,小山即宗廼岳于之,神,,何/无名,合集区段,三期未分,④
岳,30401.3,30401,何岳,未核,语境不足,何/无名,小学堂,何组,①小学堂:何組
岳,30410.3,30410,即岳有大雨,神,,何/无名,合集区段,三期未分,④
岳,30411.1,30411,酉卜王其岳燎惟犬暨豚十有大雨　大吉,神,,何/无名,小学堂,无名组,①小学堂:無名組
岳,30412.2,30412,岳暨河王受有祐,神,,何/无名,合集区段,无名组,③格式【字体未核】
岳,30413.1,30413,燎岳,神,,何/无名,小学堂,无名组,①小学堂:無名組
岳,30414.2,30414,岳燎惟舊用三牢王受祐,神,,何/无名,小学堂,无名组,①小学堂:無名組
岳,30415.1,30415,于岳年有　大吉,神,,何/无名,合集区段,无名组,③格式【字体未核】
岳,30415.4,30415,其Ｂ４７２岳有雨,神,,何/无名,合集区段,无名组,③格式【字体未核】
岳,30416.2,30416,于岳秦即,神,,何/无名,小学堂,无名组,①小学堂:無名組
岳,30417,30417,其侑岳惟　大吉,神,,何/无名,合集区段,无名组,③格式【字体未核】
岳,30418.1,30418,其年岳惟用祝,神,,何/无名,合集区段,无名组,③格式【字体未核】
岳,30419,30419,于岳祟有大雨,神,,何/无名,合集区段,三期未分,④
岳,30420,30420,于岳其有,未核,语境不足,何/无名,合集区段,无名组,③格式【字体未核】
岳,30421,30421,于岳大雨,神,,何/无名,合集区段,三期未分,④
岳,30422,30422,卜其往于岳惟三大牢,神,,何/无名,合集区段,无名组,③格式【字体未核】
岳,30423.1,30423,乙酉卜甲子岳小,未核,语境不足,何/无名,合集区段,三期未分,④
岳,30424,30424,岳　吉,未核,语境不足,何/无名,合集区段,无名组,③格式【字体未核】
岳,30425,30425,丙申岳,未核,语境不足,何/无名,合集区段,三期未分,④
岳,30427,30427,岳河,神,,何/无名,合集区段,三期未分,④
岳,30675.2,30675,即于岳,神,,何/无名,合集区段,三期未分,④
岳,30947.1,30947,岳,未核,语境不足,何/无名,合集区段,三期未分,④
岳,31005.1,31005,岳舞,神,,何/无名,合集区段,三期未分,④
岳,31984.1,31984,于河于岳用,神,,历组/𠂤历,小学堂,历组,①小学堂:歷組
岳,32028.2,32028,辛未貞禾于岳,神,,历组/𠂤历,小学堂,历组,①小学堂:歷組
岳,32301.1,32301,庚戌卜惟王自于岳,未核,语境不足,历组/𠂤历,小学堂,历组,①小学堂:歷組
岳,32802.1,32802,癸巳于岳,未核,语境不足,历组/𠂤历,合集区段,历组,合集区段
岳,32833.2,32833,己卯卜取岳雨,神,,历组/𠂤历,小学堂,历组,①小学堂:歷組
岳,32833.3,32833,壬午卜岳來于,未核,语境不足,历组/𠂤历,小学堂,历组,①小学堂:歷組
岳,32833.5,32833,岳于三戶,未核,语境不足,历组/𠂤历,小学堂,历组,①小学堂:歷組
岳,32938.1,32938,岳王令先以,非神,人名(呼令对象),历组/𠂤历,合集区段,历组,合集区段
岳,33229.2,33229,庚午岳告秋,神,,历组/𠂤历,合集区段,历组,合集区段
岳,33273.12,33273,庚午燎于岳有在雨,神,,历组/𠂤历,小学堂,历组,①小学堂:歷組
岳,33273.13,33273,燎于岳無在雨,神,,历组/𠂤历,小学堂,历组,①小学堂:歷組
岳,33274.4,33274,癸未貞禾于岳,神,,历组/𠂤历,合集区段,历组,合集区段
岳,33281.5,33281,甲辰卜于岳禾,神,,历组/𠂤历,合集区段,历组,合集区段
岳,33282.1,33282,壬子貞其禾岳,神,,历组/𠂤历,合集区段,历组,合集区段
岳,33289.1,33289,酉貞禾于岳,神,,历组/𠂤历,合集区段,历组,合集区段
岳,33289.2,33289,岳,未核,语境不足,历组/𠂤历,合集区段,历组,合集区段
岳,33290.2,33290,侑于岳禾,神,,历组/𠂤历,合集区段,历组,合集区段
岳,33290.4,33290,丁未于岳禾,神,,历组/𠂤历,合集区段,历组,合集区段
岳,33291.11,33291,丁未卜侑于岳禾,神,,历组/𠂤历,小学堂,历组,①小学堂:歷組
岳,33291.13,33291,庚戌卜侑于岳禾,神,,历组/𠂤历,小学堂,历组,①小学堂:歷組
岳,33291.8,33291,辛酉卜取岳雨,神,,历组/𠂤历,小学堂,历组,①小学堂:歷組
岳,33292.3,33292,卯貞禾岳燎三小牢,神,,历组/𠂤历,合集区段,历组,合集区段
岳,33292.4,33292,乙卯貞禾于岳燎三小三牛,神,,历组/𠂤历,合集区段,历组,合集区段
岳,33293.5,33293,壬寅貞其禾于岳燎,神,,历组/𠂤历,合集区段,历组,合集区段
岳,33293.6,33293,壬寅貞其禾于岳燎三,神,,历组/𠂤历,合集区段,历组,合集区段
岳,33293.8,33293,于岳雨,神,,历组/𠂤历,合集区段,历组,合集区段
岳,33294.1,33294,乙亥貞禾于岳卯三牛,神,,历组/𠂤历,合集区段,历组,合集区段
岳,33295.1,33295,于岳禾,神,,历组/𠂤历,合集区段,历组,合集区段
岳,33296.1,33296,丁未貞禾于岳燎小卯三牛,神,,历组/𠂤历,合集区段,历组,合集区段
岳,33297.1,33297,貞禾于岳,神,,历组/𠂤历,合集区段,历组,合集区段
岳,33298.2,33298,乙巳貞禾于岳,神,,历组/𠂤历,合集区段,历组,合集区段
岳,33299.1,33299,丁卯貞禾岳燎三（？）卯三牛,神,,历组/𠂤历,合集区段,历组,合集区段
岳,33300.2,33300,其禾于岳,神,,历组/𠂤历,合集区段,历组,合集区段
岳,33320.1,33320,庚午岳二三牛,神,,历组/𠂤历,合集区段,历组,合集区段
岳,33320.5,33320,貞岳雨,神,,历组/𠂤历,合集区段,历组,合集区段
岳,33331.1,33331,甲辰卜乙巳其燎于岳大牢小雨,神,,历组/𠂤历,合集区段,历组,合集区段
岳,33332.1,33332,岳燎三牢,神,,历组/𠂤历,合集区段,历组,合集区段
岳,33338.1,33338,惟岳禾,神,,历组/𠂤历,合集区段,历组,合集区段
岳,33850.3,33850,丁未岳,未核,语境不足,历组/𠂤历,合集区段,历组,合集区段
岳,34155.1,34155,岳宗,神,,历组/𠂤历,合集区段,历组,合集区段
岳,34185.1,34185,己亥卜田率燎土豕Ｔ９豕河豕岳豕,神,,历组/𠂤历,小学堂,历组,①小学堂:歷組
岳,34185.2,34185,祖岳,未核,语境不足,历组/𠂤历,小学堂,历组,①小学堂:歷組
岳,34191.1,34191,于岳侑,神,,历组/𠂤历,合集区段,历组,合集区段
岳,34192.1,34192,壬子卜侑于岳,神,,历组/𠂤历,小学堂,历组,①小学堂:歷組
岳,34193.1,34193,于岳侑,神,,历组/𠂤历,合集区段,历组,合集区段
岳,34194.1,34194,甲申貞于岳燎,神,,历组/𠂤历,小学堂,历组,①小学堂:歷組
岳,34195.2,34195,癸丑貞其于岳,未核,语境不足,历组/𠂤历,小学堂,历组,①小学堂:歷組
岳,34196,34196,辛未卜于岳雨,神,,历组/𠂤历,合集区段,历组,合集区段
岳,34197,34197,己酉貞辛亥其燎于岳,神,,历组/𠂤历,合集区段,历组,合集区段
岳,34198.1,34198,其燎于岳三,神,,历组/𠂤历,合集区段,历组,合集区段
岳,34198.2,34198,己酉貞辛亥其燎于岳雨,神,,历组/𠂤历,合集区段,历组,合集区段
岳,34198.3,34198,己酉貞辛亥其燎于岳一卯一牛雨,神,,历组/𠂤历,合集区段,历组,合集区段
岳,34199.2,34199,丙寅卜其燎于岳雨,神,,历组/𠂤历,小学堂,历组,①小学堂:歷組
岳,34200.2,34200,辛丑貞尋燎于岳雨,神,,历组/𠂤历,小学堂,历组,①小学堂:歷組
岳,34201,34201,燎于岳,神,,历组/𠂤历,合集区段,历组,合集区段
岳,34202,34202,巳卜其燎于岳,神,,历组/𠂤历,合集区段,历组,合集区段
岳,34203.1,34203,燎岳雨,神,,历组/𠂤历,合集区段,历组,合集区段
岳,34203.2,34203,取岳雨,神,,历组/𠂤历,合集区段,历组,合集区段
岳,34204.2,34204,惟己燎豕于岳雨,神,,历组/𠂤历,合集区段,历组,合集区段
岳,34205.1,34205,丁卯卜Ｂ７８７岳,神,,历组/𠂤历,合集区段,历组,合集区段
岳,34206.1,34206,岳燎五牛,神,,历组/𠂤历,合集区段,历组,合集区段
岳,34207.4,34207,岳燎卯二牛,神,,历组/𠂤历,合集区段,历组,合集区段
岳,34207.5,34207,岳燎二牛,神,,历组/𠂤历,合集区段,历组,合集区段
岳,34208.3,34208,岳燎三牢,神,,历组/𠂤历,合集区段,历组,合集区段
岳,34208.4,34208,岳四牛,神,,历组/𠂤历,合集区段,历组,合集区段
岳,34208.5,34208,岳燎不遘雨,神,,历组/𠂤历,合集区段,历组,合集区段
岳,34209.1,34209,岳燎牢卯牛一,神,,历组/𠂤历,合集区段,历组,合集区段
岳,34209.2,34209,岳燎小卯牛一,神,,历组/𠂤历,合集区段,历组,合集区段
岳,34210.2,34210,暨岳燎,神,,历组/𠂤历,合集区段,历组,合集区段
岳,34211,34211,岳燎二,神,,历组/𠂤历,合集区段,历组,合集区段
岳,34212.3,34212,岳,未核,语境不足,历组/𠂤历,合集区段,历组,合集区段
岳,34213.2,34213,岳燎不遘雨,神,,历组/𠂤历,合集区段,历组,合集区段
岳,34214.1,34214,癸酉卜其取岳雨,神,,历组/𠂤历,合集区段,历组,合集区段
岳,34215,34215,癸酉卜其取岳雨,神,,历组/𠂤历,小学堂,历组,①小学堂:歷組
岳,34216.2,34216,己亥貞取岳雨,神,,历组/𠂤历,合集区段,历组,合集区段
岳,34217.7,34217,辛酉卜取岳雨,神,,历组/𠂤历,合集区段,历组,合集区段
岳,34218.1,34218,丙辰貞惟岳,未核,语境不足,历组/𠂤历,合集区段,历组,合集区段
岳,34218.2,34218,丙辰貞其取岳,神,,历组/𠂤历,合集区段,历组,合集区段
岳,34219.2,34219,取岳于三門Ｂ７８８,神,,历组/𠂤历,小学堂,历组,①小学堂:歷組
岳,34220.1,34220,岳于Ｂ７８９,未核,语境不足,历组/𠂤历,小学堂,历组,①小学堂:歷組
岳,34220.2,34220,岳于三門,未核,语境不足,历组/𠂤历,小学堂,历组,①小学堂:歷組
岳,34220.3,34220,岳于南單,未核,语境不足,历组/𠂤历,小学堂,历组,①小学堂:歷組
岳,34221.3,34221,惟岳先雨,神,,历组/𠂤历,合集区段,历组,合集区段
岳,34222.2,34222,惟岳先雨,神,,历组/𠂤历,合集区段,历组,合集区段
岳,34223.2,34223,惟岳,未核,语境不足,历组/𠂤历,合集区段,历组,合集区段
岳,34224.1,34224,舞岳雨,神,,历组/𠂤历,小学堂,历组,①小学堂:歷組
岳,34225.2,34225,岳燎五五牛,神,,历组/𠂤历,合集区段,历组,合集区段
岳,34225.3,34225,癸巳貞既燎于河于岳,神,,历组/𠂤历,合集区段,历组,合集区段
岳,34226,34226,于岳祟有大雨,神,,历组/𠂤历,合集区段,历组,合集区段
岳,34227,34227,于岳,未核,语境不足,历组/𠂤历,合集区段,历组,合集区段
岳,34228,34228,惟岳雨,神,,历组/𠂤历,合集区段,历组,合集区段
岳,34229.1,34229,丙戌卜岳不,未核,语境不足,历组/𠂤历,小学堂,历组,①小学堂:歷組
岳,34229.12,34229,己卯貞岳,神,,历组/𠂤历,小学堂,历组,①小学堂:歷組
岳,34229.13,34229,辛亥卜岳其侑岳,神,,历组/𠂤历,小学堂,历组,①小学堂:歷組
岳,34229.14,34229,辛亥卜岳弗禾侑岳,神,,历组/𠂤历,小学堂,历组,①小学堂:歷組
岳,34229.15,34229,甲申卜岳弗禾,神,,历组/𠂤历,小学堂,历组,①小学堂:歷組
岳,34229.2,34229,丙戌卜岳其,未核,语境不足,历组/𠂤历,小学堂,历组,①小学堂:歷組
岳,34229.3,34229,酉卜岳禾,神,,历组/𠂤历,小学堂,历组,①小学堂:歷組
岳,34229.4,34229,乙酉卜岳弗禾,神,,历组/𠂤历,小学堂,历组,①小学堂:歷組
岳,34229.8,34229,丁亥卜寧岳,神,,历组/𠂤历,小学堂,历组,①小学堂:歷組
岳,34229.9,34229,丁亥卜寧岳燎牢,神,,历组/𠂤历,小学堂,历组,①小学堂:歷組
岳,34230.2,34230,辛岳,未核,语境不足,历组/𠂤历,合集区段,历组,合集区段
岳,34230.4,34230,丙戌卜岳不,未核,语境不足,历组/𠂤历,合集区段,历组,合集区段
岳,34230.5,34230,丙戌卜岳其,未核,语境不足,历组/𠂤历,合集区段,历组,合集区段
岳,34231,34231,貞岳,未核,语境不足,历组/𠂤历,合集区段,历组,合集区段
岳,34232,34232,午貞岳三小,未核,语境不足,历组/𠂤历,合集区段,历组,合集区段
岳,34234.2,34234,酉貞岳河我,神,,历组/𠂤历,合集区段,历组,合集区段
岳,34235.2,34235,丙申卜岳惟有,未核,语境不足,历组/𠂤历,小学堂,历组,①小学堂:歷組
岳,34263,34263,丁酉卜河以岳,神,,历组/𠂤历,小学堂,历组,①小学堂:歷組
岳,34267.3,34267,辛亥卜有燎于岳,神,,历组/𠂤历,小学堂,历组,①小学堂:歷組
岳,34268.3,34268,辛亥卜有燎于岳,神,,历组/𠂤历,小学堂,历组,①小学堂:歷組
岳,34291.1,34291,壬戌卜惟岳先,未核,语境不足,历组/𠂤历,合集区段,历组,合集区段
岳,34295.2,34295,卜今日舞河暨岳雨,神,,𠂤组,小学堂,𠂤宾间,①小学堂:𠂤賓間
岳,34534.2,34534,岳（？）禾,神,,历组/𠂤历,合集区段,历组,合集区段
岳,377.1,377,庚辰卜貞侑于岳三羌三小卯三牛,神,,宾组,合集区段,宾组,合集区段
岳,385.4,385,貞年于岳燎三小卯三牛,神,,宾组,合集区段,宾组,合集区段
岳,39532.2,39532,岳,未核,语境不足,"第13册(补遗,未分)",合集区段,第13册(未分),合集区段
岳,39859.2,39859,貞方于岳一牛,神,,"第13册(补遗,未分)",合集区段,第13册(未分),合集区段
岳,40098.1,40098,貞年于岳,神,,"第13册(补遗,未分)",合集区段,第13册(未分),合集区段
岳,40307,40307,岳雨,神,,"第13册(补遗,未分)",合集区段,第13册(未分),合集区段
岳,40416.3,40416,貞岳賓,神,,"第13册(补遗,未分)",合集区段,第13册(未分),合集区段
岳,40416.4,40416,岳其不雨,神,,"第13册(补遗,未分)",合集区段,第13册(未分),合集区段
岳,40417.2,40417,癸卯卜貞燎于岳,神,,"第13册(补遗,未分)",合集区段,第13册(未分),合集区段
岳,40419.2,40419,燎于岳豕二羊卯九牛,神,,"第13册(补遗,未分)",合集区段,第13册(未分),合集区段
岳,40420,40420,燎于岳夕羊翌辛亥酉,神,,"第13册(补遗,未分)",合集区段,第13册(未分),合集区段
岳,40421,40421,壬寅卜燎岳,神,,"第13册(补遗,未分)",合集区段,第13册(未分),合集区段
岳,40422.1,40422,貞勿奏岳,神,,"第13册(补遗,未分)",合集区段,第13册(未分),合集区段
岳,40423.2,40423,于岳,未核,语境不足,"第13册(补遗,未分)",合集区段,第13册(未分),合集区段
岳,40424,40424,貞岳卯,神,,"第13册(补遗,未分)",合集区段,第13册(未分),合集区段
岳,40425,40425,貞勿于岳,未核,语境不足,"第13册(补遗,未分)",合集区段,第13册(未分),合集区段
岳,40426反.0,40426,于岳年,神,,"第13册(补遗,未分)",合集区段,第13册(未分),合集区段
岳,40428.1,40428,丙取岳,神,,"第13册(补遗,未分)",合集区段,第13册(未分),合集区段
岳,40673反.0,40673,岳,未核,语境不足,"第13册(补遗,未分)",合集区段,第13册(未分),合集区段
岳,40679,40679,戊寅婦女示一屯　岳,非神,记事刻辞签署人名,"第13册(补遗,未分)",合集区段,第13册(未分),合集区段
岳,40683,40683,壬子婦寶示三屯　岳,非神,记事刻辞签署人名,"第13册(补遗,未分)",合集区段,第13册(未分),合集区段
岳,40866.9,40866,于岳燎豕,神,,"第13册(补遗,未分)",合集区段,第13册(未分),合集区段
岳,4112.1,4112,辛未卜爭貞翌癸酉呼雀燎于岳,神,,宾组,合集区段,宾组,合集区段
岳,41537,41537,貞禾于岳,神,,"第13册(补遗,未分)",合集区段,第13册(未分),合集区段
岳,41655.2,41655,丙午卜惟岳雨,神,,"第13册(补遗,未分)",合集区段,第13册(未分),合集区段
岳,41656,41656,貞于岳先,未核,语境不足,"第13册(补遗,未分)",合集区段,第13册(未分),合集区段
岳,4906.2,4906,冊我岳,未核,语境不足,宾组,小学堂,宾组,①小学堂:賓組
岳,4964,4964,岳,未核,语境不足,宾组,合集区段,宾组,合集区段
岳,4967,4967,岳,未核,语境不足,宾组,合集区段,宾组,合集区段
岳,4968,4968,乞岳,未核,语境不足,宾组,合集区段,宾组,合集区段
岳,4969,4969,岳,未核,语境不足,宾组,合集区段,宾组,合集区段
岳,4970,4970,岳,未核,语境不足,宾组,合集区段,宾组,合集区段
岳,4971,4971,岳,未核,语境不足,宾组,合集区段,宾组,合集区段
岳,4972,4972,岳,未核,语境不足,宾组,合集区段,宾组,合集区段
岳,4973,4973,之岳,未核,语境不足,宾组,合集区段,宾组,合集区段
岳,5518.1,5518,燎岳,神,,宾组,合集区段,宾组,合集区段
岳,5518.2,5518,使人于岳,未核,使人于岳(地名或祭所),宾组,合集区段,宾组,合集区段
岳,5519.2,5519,貞使人于岳,未核,使人于岳(地名或祭所),宾组,合集区段,宾组,合集区段
岳,5520.3,5520,貞使人于岳,未核,使人于岳(地名或祭所),宾组,小学堂,宾组,①小学堂:賓組
岳,5520.4,5520,貞勿使人于岳,未核,使人于岳(地名或祭所),宾组,小学堂,宾组,①小学堂:賓組
岳,5520.5,5520,使人于岳,未核,使人于岳(地名或祭所),宾组,小学堂,宾组,①小学堂:賓組
岳,5521.2,5521,貞使人于岳,未核,使人于岳(地名或祭所),宾组,合集区段,宾组,合集区段
岳,5521.3,5521,貞勿使人于岳,未核,使人于岳(地名或祭所),宾组,合集区段,宾组,合集区段
岳,5930.4,5930,勿人岳,未核,使人于岳(地名或祭所),宾组,小学堂,宾组,①小学堂:賓組
岳,6097.2,6097,甲午卜Ｄ００６貞侑于岳,神,,宾组,小学堂,宾组,①小学堂:賓組
岳,6591.2,6591,于岳,未核,语境不足,宾组,小学堂,宾组,①小学堂:賓組
岳,8571,8571,貞于岳,未核,语境不足,宾组,合集区段,宾组,合集区段
岳,8843.1,8843,貞辛未岳,未核,语境不足,宾组,合集区段,宾组,合集区段
岳,8843.3,8843,貞惟辛未岳,未核,语境不足,宾组,合集区段,宾组,合集区段
岳,9304,9304,百　岳,非神,记事刻辞签署人名,宾组,合集区段,宾组,合集区段
岳,9408,9408,己丑乞自缶五屯示三屯　岳,非神,记事刻辞签署人名,宾组,合集区段,宾组,合集区段
岳,9552.1,9552,丁亥卜岳石有雨,神,,宾组,小学堂,宾组,①小学堂:賓組
岳,9560.2,9560,貞燎于岳三小卯三,神,,宾组,小学堂,宾组,①小学堂:賓組
岳,9560.3,9560,甲午卜貞燎于岳二小卯二,神,,宾组,小学堂,宾组,①小学堂:賓組
岳,9730.1,9730,貞岳,未核,语境不足,宾组,小学堂,宾组,①小学堂:賓組
岳,9937.2,9937,戌卜貞燎于岳小,神,,宾组,合集区段,宾组,合集区段
岳,9981.2,9981,丑卜貞岳,未核,语境不足,宾组,合集区段,宾组,合集区段
夒,00063正.5,63,貞翌辛卯雨夒畀雨,神,,宾组,小学堂,宾组,①小学堂:賓組
夒,00376反.22,376,令匚禦大夒,神,,宾组,小学堂,宾组,①小学堂:賓組
夒,10066.1,10066,夒,未核,语境不足,宾组,合集区段,宾组,合集区段
夒,10067.1,10067,甲子卜爭貞年于夒燎六牛,神,,宾组,小学堂,宾组,①小学堂:賓組
夒,10068.1,10068,辰卜貞年夒五牛,神,,宾组,合集区段,宾组,合集区段
夒,10076.1,10076,戊午卜貞年于岳河夒,神,,宾组,小学堂,宾组,①小学堂:賓組
夒,10085正.2,10085,貞年于夒九牛,神,,宾组,小学堂,宾组,①小学堂:賓組
夒,1205,1205,貞告既侑于夒于上甲,神,,宾组,合集区段,宾组,合集区段
夒,14366.2,14366,夒告六月,神,,宾组,合集区段,宾组,合集区段
夒,14367.1,14367,夒二月,未核,语境不足,宾组,合集区段,宾组,合集区段
夒,14368,14368,勿于夒三月,未核,语境不足,宾组,合集区段,宾组,合集区段
夒,14369.1,14369,燎于夒六牛,神,,宾组,合集区段,宾组,合集区段
夒,14370丁.6,14370,丙辰卜貞惟令燎于夒,神,,宾组,小学堂,宾组,①小学堂:賓組
夒,14371.2,14371,貞燎于夒,神,,宾组,合集区段,宾组,合集区段
夒,14372.2,14372,燎于夒十月,神,,宾组,小学堂,宾组,①小学堂:賓組
夒,14373.1,14373,貞燎夒,神,,宾组,合集区段,宾组,合集区段
夒,14374,14374,于夒,未核,语境不足,宾组,合集区段,宾组,合集区段
夒,14375.2,14375,貞往于夒有雨,神,,宾组,小学堂,宾组,①小学堂:賓組
夒,14376,14376,豹夒比,未核,语境不足,宾组,小学堂,宾组,①小学堂:賓組
夒,14377,14377,子卜夒,未核,语境不足,宾组,合集区段,宾组,合集区段
夒,14378.1,14378,夒受祐,神,,宾组,合集区段,宾组,合集区段
夒,14379.1,14379,丁未卜古貞奏自夒,神,,宾组,合集区段,宾组,合集区段
夒,15154正.2,15154,貞其夒舌,未核,语境不足,宾组,合集区段,宾组,合集区段
夒,17919.1,17919,庚午貞夒其望,未核,语境不足,宾组,合集区段,宾组,合集区段
夒,17919.2,17919,貞夒無其望,未核,语境不足,宾组,合集区段,宾组,合集区段
夒,1827.1,1827,古貞夒,未核,语境不足,宾组,合集区段,宾组,合集区段
夒,21102.2,21102,癸卯卜貞夒,神,,𠂤组,小学堂,𠂤组,①小学堂:𠂤組
夒,24960.2,24960,貞惟夒,未核,语境不足,出组,合集区段,出组,合集区段
夒,24961,24961,壬戌王曰夒匚牛一月,神,,出组,合集区段,出组,合集区段
夒,24962.1,24962,丙午卜旅貞翌丁未夒燎告有豊,神,,出组,合集区段,出组,合集区段
夒,24963.2,24963,大夒,未核,语境不足,出组,合集区段,出组,合集区段
夒,24964.3,24964,夒,未核,语境不足,出组,合集区段,出组,合集区段
夒,24965.1,24965,甲子卜夒鬯,未核,语境不足,出组,合集区段,出组,合集区段
夒,24966.2,24966,亥夒,未核,语境不足,出组,合集区段,出组,合集区段
夒,25351.2,25351,卯卜大夒燎卯其Ｅ０１１,神,,出组,合集区段,出组,合集区段
夒,28207.5,28207,夒即宗,神,,何/无名,合集区段,三期未分,④
夒,28240.2,28240,夒受禾,神,,何/无名,小学堂,何组,①小学堂:何組
夒,28249.1,28249,其年于夒五牛（△）王受祐,神,,何/无名,小学堂,无名组,①小学堂:無名組
夒,28251.1,28251,子卜其年于夒,神,,何/无名,合集区段,无名组,③格式【字体未核】
夒,30318.2,30318,即右宗夒有雨,神,,何/无名,合集区段,三期未分,④
夒,30398.3,30398,惟高祖夒祝用王受祐,神,,何/无名,合集区段,无名组,③格式【字体未核】
夒,30399.1,30399,于夒高祖,神,,何/无名,小学堂,何组,①小学堂:何組
夒,30400.2,30400,至夒妣,神,,何/无名,小学堂,何组,①小学堂:何組
夒,30401.1,30401,癸丑卜何貞其侑于夒,神,,何/无名,小学堂,何组,①小学堂:何組
夒,30402,30402,己巳卜其夒惟辛酉　大吉,未核,语境不足,何/无名,合集区段,无名组,③格式【字体未核】
夒,30403,30403,于夒祟有大,神,,何/无名,合集区段,三期未分,④
夒,30404.2,30404,惟夒王受　吉,神,,何/无名,小学堂,何组,①小学堂:何組
夒,33227,33227,戌貞其告秋于高祖夒六,神,,历组/𠂤历,合集区段,历组,合集区段
夒,33273.14,33273,壬申貞禾于夒,神,,历组/𠂤历,小学堂,历组,①小学堂:歷組
夒,33277.2,33277,壬申貞禾于夒燎三牛卯三牛,神,,历组/𠂤历,小学堂,历组,①小学堂:歷組
夒,33278.4,33278,壬申貞禾于夒燎三牛卯三牛,神,,历组/𠂤历,合集区段,历组,合集区段
夒,33301,33301,貞禾于夒,神,,历组/𠂤历,合集区段,历组,合集区段
夒,33304.2,33304,己巳惟夒先侑,神,,历组/𠂤历,小学堂,历组,①小学堂:歷組
夒,33337.1,33337,庚寅卜惟夒禾,神,,历组/𠂤历,小学堂,历组,①小学堂:歷組
夒,34169,34169,夒暨上甲其即,神,,历组/𠂤历,合集区段,历组,合集区段
夒,34170,34170,侑于夒茲用,神,,历组/𠂤历,合集区段,历组,合集区段
夒,34171,34171,夒母,神,,历组/𠂤历,合集区段,历组,合集区段
夒,34172.2,34172,甲寅貞辛亥燎于夒三牛（？）,神,,历组/𠂤历,合集区段,历组,合集区段
夒,34173.2,34173,夒燎不,神,,历组/𠂤历,合集区段,历组,合集区段
夒,34174,34174,祏夒,神,,历组/𠂤历,合集区段,历组,合集区段
夒,39749,39749,卜韋（？）夒,未核,语境不足,"第13册(补遗,未分)",合集区段,第13册(未分),合集区段
夒,40442.1,40442,奏夒,神,,"第13册(补遗,未分)",合集区段,第13册(未分),合集区段
夒,40716,40716,夒,未核,语境不足,"第13册(补遗,未分)",合集区段,第13册(未分),合集区段
夒,41655.4,41655,惟夒,未核,语境不足,"第13册(补遗,未分)",合集区段,第13册(未分),合集区段
夒,41660.2,41660,酉于夒　茲用,未核,语境不足,"第13册(补遗,未分)",合集区段,第13册(未分),合集区段
夒,5476.1,5476,丙戌卜爭貞不作夒載王事二月,未核,语境不足,宾组,小学堂,宾组,①小学堂:賓組
土,00189反.0,189,甲在土,未核,语境不足,宾组,合集区段,宾组,合集区段
土,00456正.4,456,貞燎于土,神,,宾组,小学堂,宾组,①小学堂:賓組
土,00559正.5,559,戊辰卜貞王循土方,非神,方国土方,宾组,合集区段,宾组,合集区段
土,00779正.4,779,貞燎于土三小卯一牛沈十牛,神,,宾组,小学堂,宾组,①小学堂:賓組
土,01506正.1,1506,貞于土,未核,语境不足,宾组,小学堂,宾组,①小学堂:賓組
土,05158乙.1,5158,貞土受年,非神,地域/地名/官名,宾组,合集区段,宾组,合集区段
土,05666正,5666,戌永貞令旨以多犬衛比多土羊比Ｇ３５２,非神,地域/地名/官名,宾组,合集区段,宾组,合集区段
土,06057反.1,6057,王曰有祟其有來迄至九日辛卯允有來自北妻告曰土方侵我田十人,非神,方国土方,宾组,小学堂,宾组,①小学堂:賓組
土,06057正.2,6057,癸巳卜貞旬無王曰有祟其有來迄至五日丁酉允有來自西沚告曰土方征于我東鄙二邑方亦侵我西鄙田,非神,方国土方,宾组,小学堂,宾组,①小学堂:賓組
土,06060正,6060,癸巳卜來迄至告曰土方亦,非神,方国土方,宾组,小学堂,宾组,①小学堂:賓組
土,06087正.3,6087,乙卯卜爭貞沚稱冊王比伐土方受有祐,非神,方国土方,宾组,合集区段,宾组,合集区段
土,06354正.1,6354,壬辰卜貞今Ｄ０１７王循土方受有,非神,方国土方,宾组,小学堂,宾组,①小学堂:賓組
土,06354正.2,6354,癸巳卜貞今Ｄ０１８王循土方受有,非神,方国土方,宾组,小学堂,宾组,①小学堂:賓組
土,06354正.3,6354,辛丑卜爭貞曰方凡Ｅ０３６于土其敦Ｅ０３７允其敦四月,未核,语境不足,宾组,小学堂,宾组,①小学堂:賓組
土,06383正,6383,酉卜土方,非神,方国土方,宾组,合集区段,宾组,合集区段
土,06385正,6385,癸巳卜爭貞告土方于上甲四月,非神,方国土方,宾组,合集区段,宾组,合集区段
土,06402正,6402,乙卯卜貞沚稱冊王比伐土方受有祐,非神,方国土方,宾组,合集区段,宾组,合集区段
土,06404正.2,6404,沚土方,非神,方国土方,宾组,小学堂,宾组,①小学堂:賓組
土,06405正,6405,戌貞稱冊土王比,未核,语境不足,宾组,合集区段,宾组,合集区段
土,06417正,6417,戊午卜貞王比沚伐土方受有,非神,方国土方,宾组,合集区段,宾组,合集区段
土,06440正,6440,土,未核,语境不足,宾组,合集区段,宾组,合集区段
土,06445正,6445,貞王勿惟土方征,非神,方国土方,宾组,合集区段,宾组,合集区段
土,06446正,6446,貞勿惟土方征,非神,方国土方,宾组,合集区段,宾组,合集区段
土,06451正.1,6451,貞獲征土,非神,方国土方(省),宾组,小学堂,宾组,①小学堂:賓組
土,06451正.2,6451,貞弗其獲征土方,非神,方国土方,宾组,小学堂,宾组,①小学堂:賓組
土,08484正.0,8484,貞我弗其受土方十一月,非神,方国土方,宾组,合集区段,宾组,合集区段
土,08486正.0,8486,貞曰土方允,非神,方国土方,宾组,合集区段,宾组,合集区段
土,08490正.0,8490,貞土方貝　二告,非神,方国土方,宾组,小学堂,宾组,①小学堂:賓組
土,09049反.0,9049,冉土以百,非神,地名冉土,宾组,合集区段,宾组,合集区段
土,09733反.1,9733,癸巳卜爭東土受年,非神,地域/地名/官名,宾组,合集区段,宾组,合集区段
土,09741正.7,9741,貞西土受年,非神,地域/地名/官名,宾组,小学堂,宾组,①小学堂:賓組
土,09741正.8,9741,貞西土不其受年　二告,非神,地域/地名/官名,宾组,小学堂,宾组,①小学堂:賓組
土,09742正.1,9742,甲午卜貞西土受年,非神,地域/地名/官名,宾组,合集区段,宾组,合集区段
土,09742正.2,9742,貞西土不其受年　二告,非神,地域/地名/官名,宾组,合集区段,宾组,合集区段
土,09742正.4,9742,甲午卜貞西土受年,非神,地域/地名/官名,宾组,合集区段,宾组,合集区段
土,09742正.5,9742,甲午卜貞土不其受年,非神,地域/地名/官名,宾组,合集区段,宾组,合集区段
土,10185,10185,北土,非神,地域/地名/官名,宾组,小学堂,宾组,①小学堂:賓組
土,10186,10186,西土無,非神,地域/地名/官名,宾组,小学堂,宾组,①小学堂:賓組
土,10344正.8,10344,甲寅卜貞燎于有土,神,,宾组,小学堂,宾组,①小学堂:賓組
土,10622.1,10622,土,未核,语境不足,宾组,合集区段,宾组,合集区段
土,10942.1,10942,王往狩Ｇ０３９土,非神,地域/地名/官名,宾组,合集区段,宾组,合集区段
土,10944,10944,卜狩Ｇ０３９土,非神,地域/地名/官名,宾组,合集区段,宾组,合集区段
土,11018正.22,11018,燎于土方帝　二告,未核,燎于土方帝(土/方帝断读),宾组,小学堂,宾组,①小学堂:賓組
土,11196,11196,土,未核,语境不足,宾组,合集区段,宾组,合集区段
土,11197,11197,乙土,未核,语境不足,宾组,合集区段,宾组,合集区段
土,11244.2,11244,土,未核,语境不足,宾组,合集区段,宾组,合集区段
土,11245,11245,惟土,未核,语境不足,宾组,合集区段,宾组,合集区段
土,11387,11387,酉卜小土,未核,语境不足,宾组,合集区段,宾组,合集区段
土,11473,11473,戊申王Ｇ０８４千行于千土行,非神,地域/地名/官名,𠂤组,小学堂,𠂤宾间,①小学堂:𠂤賓間
土,12085反.2,12085,于土婦用,未核,语境不足,宾组,合集区段,宾组,合集区段
土,12819.5,12819,乙六土,非神,疑牡/牲名(摹释作土),𠂤组,小学堂,𠂤宾间,①小学堂:𠂤賓間
土,12848,12848,雨土,未核,于土+雨,宾组,合集区段,宾组,合集区段
土,12849正.0,12849,爭土雨,未核,于土+雨,宾组,合集区段,宾组,合集区段
土,12855.1,12855,午卜方三豕又犬卯于土雨,神,,宾组,小学堂,宾组,①小学堂:賓組
土,13220反.4,13220,貞巳土,未核,语境不足,宾组,小学堂,宾组,①小学堂:賓組
土,13326.2,13326,土于晹,未核,语境不足,宾组,合集区段,宾组,合集区段
土,13420.1,13420,己亥卜爭貞有羽土,未核,语境不足,宾组,合集区段,宾组,合集区段
土,13421.1,13421,有羽土于之,未核,语境不足,宾组,小学堂,宾组,①小学堂:賓組
土,13524,13524,土將敦,未核,语境不足,宾组,合集区段,宾组,合集区段
土,14271,14271,未卜王土今日示鬼,未核,"疑牡(祖先祭牲,摹释作土)",宾组,小学堂,宾组,①小学堂:賓組
土,14305.2,14305,貞燎土方帝,未核,燎于土方帝(土/方帝断读),宾组,合集区段,宾组,合集区段
土,14306,14306,燎于土方帝,未核,燎于土方帝(土/方帝断读),宾组,合集区段,宾组,合集区段
土,14392.1,14392,貞于土,未核,语境不足,宾组,合集区段,宾组,合集区段
土,14393反.1,14393,于燎土不其介,神,,宾组,合集区段,宾组,合集区段
土,14394,14394,甲辰卜貞燎土牛,神,,宾组,合集区段,宾组,合集区段
土,14395正.1,14395,甲辰卜爭翌乙巳燎于土牛,神,,宾组,小学堂,宾组,①小学堂:賓組
土,14395正.3,14395,燎于土惟羊有豚,神,,宾组,小学堂,宾组,①小学堂:賓組
土,14396.2,14396,貞燎于土一牛俎,神,,宾组,小学堂,宾组,①小学堂:賓組
土,14396.3,14396,壬戌卜爭貞既出燎于土,神,,宾组,小学堂,宾组,①小学堂:賓組
土,14397,14397,貞燎于土,神,,宾组,合集区段,宾组,合集区段
土,14398.1,14398,勿燎于土,神,,宾组,合集区段,宾组,合集区段
土,14398.2,14398,貞燎于土,神,,宾组,合集区段,宾组,合集区段
土,14399正.1,14399,癸未卜貞燎于土于岳,神,,宾组,合集区段,宾组,合集区段
土,14400,14400,今日勿燎于土,神,,宾组,合集区段,宾组,合集区段
土,14401,14401,貞勿燎于土,神,,宾组,合集区段,宾组,合集区段
土,14402,14402,勿燎于土,神,,宾组,合集区段,宾组,合集区段
土,14403,14403,土祀,神,,宾组,合集区段,宾组,合集区段
土,14404,14404,貞惟土,未核,语境不足,宾组,合集区段,宾组,合集区段
土,14405.1,14405,庚辰卜爭貞土,未核,语境不足,宾组,合集区段,宾组,合集区段
土,14406,14406,貞我不土,未核,语境不足,宾组,合集区段,宾组,合集区段
土,14407,14407,辛酉禦于土,神,,宾组,合集区段,宾组,合集区段
土,14408,14408,辛酉土,未核,语境不足,宾组,合集区段,宾组,合集区段
土,14773.2,14773,貞帝秋于Ｇ８８０于土,神,,宾组,合集区段,宾组,合集区段
土,15396反.5,15396,于土,未核,语境不足,宾组,合集区段,宾组,合集区段
土,15447,15447,戊申卜用土,未核,语境不足,宾组,合集区段,宾组,合集区段
土,15480,15480,申卜貞歲土,未核,语境不足,宾组,小学堂,宾组,①小学堂:賓組
土,16350,16350,賓土骨不若,未核,语境不足,宾组,合集区段,宾组,合集区段
土,17397正.5,17397,貞惟西土　二告,非神,地域/地名/官名,宾组,合集区段,宾组,合集区段
土,17397正.6,17397,貞鑿不惟西土　二告,非神,地域/地名/官名,宾组,合集区段,宾组,合集区段
土,17676正.1,17676,土,未核,语境不足,宾组,合集区段,宾组,合集区段
土,17903.1,17903,土三百,未核,语境不足,宾组,合集区段,宾组,合集区段
土,18193,18193,庚辰土,未核,语境不足,𠂤组,小学堂,𠂤宾间,①小学堂:𠂤賓間
土,18194.1,18194,土,未核,语境不足,宾组,合集区段,宾组,合集区段
土,18218.2,18218,貞惟王土,未核,语境不足,宾组,合集区段,宾组,合集区段
土,18219,18219,丙午卜古貞令Ａ２１２土王,未核,语境不足,宾组,合集区段,宾组,合集区段
土,18220,18220,貞惟王土,未核,语境不足,宾组,小学堂,宾组,①小学堂:賓組
土,18221.1,18221,貞（？）土,未核,语境不足,宾组,合集区段,宾组,合集区段
土,18731,18731,Ａ３７４土,未核,语境不足,宾组,合集区段,宾组,合集区段
土,18733,18733,土,未核,语境不足,宾组,小学堂,宾组,①小学堂:賓組
土,18926,18926,己巳卜爭貞比伐土方,非神,方国土方,宾组,合集区段,宾组,合集区段
土,19235,19235,貞土,未核,语境不足,宾组,合集区段,宾组,合集区段
土,1951.1,1951,女侑于丁土,未核,"疑牡(祖先祭牲,摹释作土)",宾组,合集区段,宾组,合集区段
土,19557,19557,貞土酉,未核,语境不足,宾组,合集区段,宾组,合集区段
土,19618反.2,19618,土示成若,未核,"疑牡(祖先祭牲,摹释作土)",宾组,合集区段,宾组,合集区段
土,19618正.0,19618,今卯土伐,未核,语境不足,宾组,合集区段,宾组,合集区段
土,19817.6,19817,丙午卜Ａ４９５侑大丁土用,未核,"疑牡(祖先祭牲,摹释作土)",一期附(未分),合集区段,一期附(未分),合集区段
土,1996.2,1996,于土,未核,语境不足,宾组,合集区段,宾组,合集区段
土,20291,20291,癸亥王貞令土,未核,语境不足,一期附(未分),合集区段,一期附(未分),合集区段
土,20392,20392,甲子卜王貞土方其敦呼,非神,方国土方,一期附(未分),合集区段,一期附(未分),合集区段
土,20576正.10,20576,南土骨告,非神,地域/地名/官名,𠂤组,小学堂,𠂤组,①小学堂:𠂤組
土,20576正.12,20576,辛酉卜貞雀無南土告事,非神,地域/地名/官名,𠂤组,小学堂,𠂤组,①小学堂:𠂤組
土,20576正.13,20576,辛酉卜貞雀無南土告事,非神,地域/地名/官名,𠂤组,小学堂,𠂤组,①小学堂:𠂤組
土,20576正.16,20576,南土,非神,地域/地名/官名,𠂤组,小学堂,𠂤组,①小学堂:𠂤組
土,20576正.2,20576,在南土告事,非神,地域/地名/官名,𠂤组,小学堂,𠂤组,①小学堂:𠂤組
土,20576正.5,20576,己未卜貞在南土,非神,地域/地名/官名,𠂤组,小学堂,𠂤组,①小学堂:𠂤組
土,20576正.6,20576,無在南土,非神,地域/地名/官名,𠂤组,小学堂,𠂤组,①小学堂:𠂤組
土,20576正.7,20576,庚申貞雀無南土告事,非神,地域/地名/官名,𠂤组,小学堂,𠂤组,①小学堂:𠂤組
土,20576正.8,20576,庚申卜貞雀無南土告事,非神,地域/地名/官名,𠂤组,小学堂,𠂤组,①小学堂:𠂤組
土,20627,20627,卜Ａ４９５口南土,非神,地域/地名/官名,𠂤组,小学堂,𠂤组,①小学堂:𠂤組
土,20628,20628,丙辰卜王貞余酉土侑十一月,神,,一期附(未分),合集区段,一期附(未分),合集区段
土,2068.1,2068,Ｈ０３７土,未核,语境不足,宾组,合集区段,宾组,合集区段
土,20697.2,20697,土,未核,语境不足,一期附(未分),合集区段,一期附(未分),合集区段
土,2080.2,2080,寅土祖侑,未核,"疑牡(祖先祭牲,摹释作土)",宾组,合集区段,宾组,合集区段
土,21039.3,21039,丙申卜作土丁,未核,语境不足,𠂤组,小学堂,𠂤组,①小学堂:𠂤組
土,21075,21075,壬午卜燎土延巫帝,神,,一期附(未分),合集区段,一期附(未分),合集区段
土,21078.3,21078,壬午卜燎土,神,,历组/𠂤历,小学堂,𠂤历间,①小学堂:𠂤歷間
土,21078.5,21078,燎土,神,,历组/𠂤历,小学堂,𠂤历间,①小学堂:𠂤歷間
土,21090,21090,于Ａ６９０土燎,神,,一期附(未分),合集区段,一期附(未分),合集区段
土,21091,21091,壬申卜奏四土于Ａ６９１,非神,疑牡/牲名(摹释作土),一期附(未分),合集区段,一期附(未分),合集区段
土,21103.1,21103,辰卜燎土一,神,,一期附(未分),合集区段,一期附(未分),合集区段
土,21103.2,21103,甲戌土燎,神,,一期附(未分),合集区段,一期附(未分),合集区段
土,21104,21104,土燎豕,神,,一期附(未分),合集区段,一期附(未分),合集区段
土,21105,21105,燎土,神,,一期附(未分),合集区段,一期附(未分),合集区段
土,21106,21106,卜Ａ４９５土祖一,未核,"疑牡(祖先祭牲,摹释作土)",一期附(未分),合集区段,一期附(未分),合集区段
土,21107,21107,戌卜生月其土三十,未核,语境不足,一期附(未分),合集区段,一期附(未分),合集区段
土,21108,21108,戊戌今其土三十,未核,语境不足,一期附(未分),合集区段,一期附(未分),合集区段
土,21115,21115,癸巳巫寧土河岳,神,,𠂤组,小学堂,𠂤组,①小学堂:𠂤組
土,21116,21116,卜土告,神,,何/无名,小学堂,无名组,①小学堂:無名組
土,2131.1,2131,父甲一土,非神,疑牡/牲名(摹释作土),宾组,合集区段,宾组,合集区段
土,2131.2,2131,父庚一土,非神,疑牡/牲名(摹释作土),宾组,合集区段,宾组,合集区段
土,2131.3,2131,父辛一土,非神,疑牡/牲名(摹释作土),宾组,合集区段,宾组,合集区段
土,22.2,22,甲子卜Ｄ００６貞令土田于,非神,土田(农事),宾组,小学堂,宾组,①小学堂:賓組
土,22045.1,22045,惟牛土父戊,未核,"疑牡(祖先祭牲,摹释作土)",子组/非王,小学堂,子组/非王,①小学堂:午組
土,22045.9,22045,用牛土父戊,未核,"疑牡(祖先祭牲,摹释作土)",子组/非王,小学堂,子组/非王,①小学堂:午組
土,22055.5,22055,于甾土牛,未核,"疑牡(祖先祭牲,摹释作土)",一期附(未分),合集区段,一期附(未分),合集区段
土,22067.7,22067,爵于土,未核,语境不足,子组/非王,小学堂,子组/非王,①小学堂:午組
土,22068.6,22068,庚子卜惟土有牛妣乙,未核,"疑牡(祖先祭牲,摹释作土)",一期附(未分),合集区段,一期附(未分),合集区段
土,22073.6,22073,己丑卜禦于帝三十小牢己丑余至土羊,未核,"疑牡(祖先祭牲,摹释作土)",何/无名,小学堂,何组,①小学堂:何組
土,22101.1,22101,辛未卜卯于祖土土,非神,疑牡/牲名(摹释作土),一期附(未分),合集区段,一期附(未分),合集区段
土,22214.1,22214,戊辰卜其燎妣庚侑友土,未核,"疑牡(祖先祭牲,摹释作土)",子组/非王,小学堂,子组/非王,①小学堂:子組
土,22222.1,22222,妣庚土,非神,疑牡/牲名(摹释作土),子组/非王,小学堂,子组/非王,①小学堂:子組
土,22248.4,22248,啓有Ｔ１妣庚土,非神,疑牡/牲名(摹释作土),子组/非王,小学堂,子组/非王,①小学堂:子組
土,22249.2,22249,啓有Ｔ１妣庚土,非神,疑牡/牲名(摹释作土),子组/非王,小学堂,子组/非王,①小学堂:子組
土,22276.2,22276,甲子卜無二豭二土,非神,疑牡/牲名(摹释作土),子组/非王,小学堂,子组/非王,①小学堂:午組
土,22276.3,22276,甲子卜二豭二土于入乙,非神,疑牡/牲名(摹释作土),子组/非王,小学堂,子组/非王,①小学堂:午組
土,22363,22363,彘土,未核,语境不足,一期附(未分),合集区段,一期附(未分),合集区段
土,22421正.1,22421,壬子卜甲寅燎大甲土卯牛三,未核,"疑牡(祖先祭牲,摹释作土)",历组/𠂤历,小学堂,𠂤历间,①小学堂:𠂤歷間
土,22467.1,22467,工乙土,未核,语境不足,子组/非王,小学堂,子组/非王,①小学堂:午組
土,22713,22713,貞示壬土于示癸土十六月,非神,疑牡/牲名(摹释作土),出组,小学堂,出组,①小学堂:出組
土,23018.1,23018,甲寅卜貞其侑于羌甲土,未核,"疑牡(祖先祭牲,摹释作土)",出组,合集区段,出组,合集区段
土,2303,2303,惟土牛侑于父,未核,"疑牡(祖先祭牲,摹释作土)",宾组,合集区段,宾组,合集区段
土,23464.2,23464,貞母歲惟土,未核,"疑牡(祖先祭牲,摹释作土)",出组,合集区段,出组,合集区段
土,23529.1,23529,卜其侑子土,未核,"疑牡(祖先祭牲,摹释作土)",出组,合集区段,出组,合集区段
土,23539,23539,卜貞子土,未核,"疑牡(祖先祭牲,摹释作土)",出组,小学堂,出组,①小学堂:出組
土,2425,2425,暨妣己一土,非神,疑牡/牲名(摹释作土),宾组,合集区段,宾组,合集区段
土,24429.2,24429,癸卯卜大貞南土受年,非神,地域/地名/官名,出组,合集区段,出组,合集区段
土,24607,24607,其于以土,未核,语境不足,出组,小学堂,出组,①小学堂:出組
土,25202,25202,午卜貞歲土,未核,语境不足,出组,合集区段,出组,合集区段
土,26021.1,26021,壬貞于其土,未核,语境不足,出组,合集区段,出组,合集区段
土,26898.3,26898,王其眾戌Ｂ２１９受人惟土人有災,未核,语境不足,何/无名,小学堂,无名组,①小学堂:無名組
土,26898.5,26898,王其呼眾戌Ｂ２１９受人惟土人暨人有災,未核,语境不足,何/无名,小学堂,无名组,①小学堂:無名組
土,2723.2,2723,有Ｔ１于土,未核,语境不足,宾组,合集区段,宾组,合集区段
土,27254.2,27254,冉土有雨,非神,地名冉土,何/无名,合集区段,三期未分,④
土,27254.4,27254,冉土惟豚有雨,非神,地名冉土,何/无名,合集区段,无名组,③格式【字体未核】
土,27254.6,27254,冉土有雨,非神,地名冉土,何/无名,合集区段,三期未分,④
土,27310.1,27310,冉土以,非神,地名冉土,何/无名,小学堂,无名组,①小学堂:無名組
土,27439.2,27439,己卯卜暊貞束止土其暨祖丁至（？）,未核,"疑牡(祖先祭牲,摹释作土)",何/无名,小学堂,何组,①小学堂:何組
土,27582.2,27582,土,未核,语境不足,何/无名,小学堂,无名组,①小学堂:無名組
土,27796.4,27796,其冉土于Ｂ２８３木丁,非神,地名冉土,何/无名,小学堂,何组,①小学堂:何組
土,27805.1,27805,冉土其宿,非神,地名冉土,何/无名,小学堂,无名组,①小学堂:無名組
土,27823,27823,木土無,未核,语境不足,何/无名,小学堂,无名组,①小学堂:無名組
土,27990.1,27990,土呼王其悔,未核,语境不足,何/无名,小学堂,无名组,①小学堂:無名組
土,28106.1,28106,癸丑卜其侑亳土惟,神,,何/无名,小学堂,何组,①小学堂:何組
土,28107.1,28107,亳（？）土饗,未核,语境不足,何/无名,小学堂,何组,①小学堂:何組
土,28108.3,28108,其有燎亳土有雨,神,,何/无名,合集区段,无名组,③格式【字体未核】
土,28109.1,28109,戊子卜其有歲于亳土三小,神,,何/无名,小学堂,无名组,①小学堂:無名組
土,28110.2,28110,其侑亳土　吉,神,,何/无名,小学堂,无名组,①小学堂:無名組
土,28111.1,28111,其方亳土燎惟牛,神,,何/无名,合集区段,无名组,③格式【字体未核】
土,28113,28113,亳土惟小,神,,何/无名,小学堂,无名组,①小学堂:無名組
土,28195.3,28195,乙未卜暊貞有事入駛土其不,未核,语境不足,何/无名,小学堂,何组,①小学堂:何組
土,28195.4,28195,乙未卜暊貞今日于入駛土一乙,未核,语境不足,何/无名,小学堂,何组,①小学堂:何組
土,28198,28198,土弗受有年,未核,语境不足,何/无名,合集区段,三期未分,④
土,28199,28199,土弗受有,未核,语境不足,何/无名,小学堂,无名组,①小学堂:無名組
土,28231.4,28231,冉土南田受禾,非神,地名冉土,何/无名,小学堂,无名组,①小学堂:無名組
土,28667.2,28667,土田夕入不雨,非神,土田(农事),何/无名,合集区段,三期未分,④
土,29388.3,29388,冉土東湄日無災永王,非神,地名冉土,何/无名,合集区段,三期未分,④
土,29482.1,29482,土,未核,语境不足,何/无名,合集区段,三期未分,④
土,29483,29483,土,未核,语境不足,何/无名,合集区段,三期未分,④
土,30266,30266,冉土梌于　吉,非神,地名冉土,何/无名,小学堂,无名组,①小学堂:無名組
土,30267,30267,冉土于旅邑其受祐,非神,地名冉土,何/无名,合集区段,无名组,③格式【字体未核】
土,30268.2,30268,冉土弗悔,非神,地名冉土,何/无名,小学堂,无名组,①小学堂:無名組
土,30269.4,30269,冉土,非神,地名冉土,何/无名,合集区段,三期未分,④
土,30270.1,30270,冉土不遘大風,非神,地名冉土,何/无名,小学堂,无名组,①小学堂:無名組
土,30271.1,30271,冉土不雨,非神,地名冉土,何/无名,小学堂,无名组,①小学堂:無名組
土,30272,30272,冉土于茲丘,非神,地名冉土,何/无名,合集区段,三期未分,④
土,30273.2,30273,于冉土,非神,地名冉土,何/无名,小学堂,无名组,①小学堂:無名組
土,30273.3,30273,在冉土,非神,地名冉土,何/无名,小学堂,无名组,①小学堂:無名組
土,30274,30274,冉土無災,非神,地名冉土,何/无名,合集区段,三期未分,④
土,30275,30275,其尋冉土,非神,地名冉土,何/无名,小学堂,无名组,①小学堂:無名組
土,30276,30276,冉土單無災,非神,地名冉土,何/无名,合集区段,三期未分,④
土,30277,30277,冉土于,非神,地名冉土,何/无名,合集区段,三期未分,④
土,30278,30278,冉土,非神,地名冉土,何/无名,合集区段,三期未分,④
土,30279.1,30279,冉土于,非神,地名冉土,何/无名,合集区段,三期未分,④
土,30280.2,30280,冉土　吉,非神,地名冉土,何/无名,小学堂,无名组,①小学堂:無名組
土,30281,30281,冉土于,非神,地名冉土,何/无名,合集区段,三期未分,④
土,30303.2,30303,己未卜其土父庚爽于宗茲用,未核,"疑牡(祖先祭牲,摹释作土)",何/无名,小学堂,无名组,①小学堂:歷無名間
土,30406.1,30406,癸卯卜旬其燎于土牢,神,,何/无名,合集区段,无名组,③格式【字体未核】
土,30407.1,30407,其有土　吉,未核,有土(侑土/有土地),何/无名,合集区段,无名组,③格式【字体未核】
土,30408,30408,土惟步祝,未核,语境不足,何/无名,合集区段,无名组,③格式【字体未核】
土,30525,30525,今辛未土禦　吉,神,,何/无名,合集区段,无名组,③格式【字体未核】
土,30711.1,30711,己卯卜土,未核,语境不足,何/无名,合集区段,三期未分,④
土,30743.2,30743,惟土王受祐,未核,语境不足,何/无名,小学堂,无名组,①小学堂:無名組
土,31136.4,31136,冉土,非神,地名冉土,何/无名,小学堂,无名组,①小学堂:無名組
土,31709.1,31709,惟土,未核,语境不足,何/无名,合集区段,无名组,③格式【字体未核】
土,32012.2,32012,壬辰卜禦于土,神,,历组/𠂤历,小学堂,历组,①小学堂:歷組
土,32012.4,32012,癸巳卜禦于土,神,,历组/𠂤历,小学堂,历组,①小学堂:歷組
土,32048.1,32048,癸亥卜令Ｔ１７呼比沚戈曾Ｂ６２０土奠叩Ｂ６２１,未核,语境不足,历组/𠂤历,合集区段,历组,合集区段
土,32118.3,32118,乙丑卜有燎于土羌小,神,,历组/𠂤历,小学堂,历组,①小学堂:歷組
土,32119.2,32119,申貞有伐于土羌一,神,,历组/𠂤历,小学堂,历组,①小学堂:歷組
土,32120.2,32120,癸亥卜有土燎羌一小,神,,历组/𠂤历,小学堂,历组,①小学堂:歷組
土,32183.4,32183,辛巳茲用于土,未核,语境不足,历组/𠂤历,合集区段,历组,合集区段
土,32183.5,32183,茲用于土,未核,语境不足,历组/𠂤历,合集区段,历组,合集区段
土,3227.2,3227,冉土于女雈,非神,地名冉土,𠂤组,小学堂,𠂤宾间,①小学堂:𠂤賓間
土,32301.3,32301,丙辰卜于土寧風,神,,历组/𠂤历,小学堂,历组,①小学堂:歷組
土,32301.6,32301,土寧風,神,,历组/𠂤历,小学堂,历组,①小学堂:歷組
土,32301.7,32301,王祟雨于土,未核,语境不足,历组/𠂤历,小学堂,历组,①小学堂:歷組
土,32318,32318,乙丑卜侑上甲土十,未核,"疑牡(祖先祭牲,摹释作土)",历组/𠂤历,合集区段,历组,合集区段
土,32385.1,32385,未卜自上甲大乙大丁大甲大庚大戊仲丁祖乙祖辛祖丁十示率土,未核,"疑牡(祖先祭牲,摹释作土)",历组/𠂤历,合集区段,历组,合集区段
土,32461反.4,32461,巳自犬歲惟土,未核,"疑牡(祖先祭牲,摹释作土)",历组/𠂤历,合集区段,历组,合集区段
土,32538.2,32538,于土燎　茲用,神,,历组/𠂤历,合集区段,历组,合集区段
土,32675.4,32675,于亳土禦,神,,历组/𠂤历,小学堂,历组,①小学堂:歷組
土,32854,32854,貞王令今秋舟土乃奠,未核,语境不足,历组/𠂤历,合集区段,历组,合集区段
土,32855,32855,貞王令今秋土乃奠,未核,语境不足,历组/𠂤历,小学堂,历组,①小学堂:歷組
土,3298.2,3298,方其至于Ｇ２２４土方無,非神,方国土方,宾组,小学堂,宾组,①小学堂:賓組
土,33049.1,33049,癸酉貞方大出立中（？）于北土,非神,地域/地名/官名,历组/𠂤历,小学堂,历组,①小学堂:歷組
土,33050.1,33050,方出北土弗北土,非神,地域/地名/官名,历组/𠂤历,小学堂,历组,①小学堂:歷組
土,33050.2,33050,貞有來告北土其燎告乙父丁,非神,地域/地名/官名,历组/𠂤历,小学堂,历组,①小学堂:歷組
土,3307,3307,用又土田Ｇ０１９侯十二月,非神,土田(农事),宾组,合集区段,宾组,合集区段
土,33205.1,33205,邦于北土歸,非神,地域/地名/官名,历组/𠂤历,合集区段,历组,合集区段
土,33209.1,33209,癸亥貞于土,未核,语境不足,历组/𠂤历,小学堂,历组,①小学堂:歷組
土,33209.2,33209,癸亥貞王令多尹土田于西禾,非神,土田(农事),历组/𠂤历,小学堂,历组,①小学堂:歷組
土,33209.6,33209,乙丑貞王令土田于京,非神,土田(农事),历组/𠂤历,小学堂,历组,①小学堂:歷組
土,33209.7,33209,于土田,非神,土田(农事),历组/𠂤历,小学堂,历组,①小学堂:歷組
土,33210.1,33210,己巳王剛土田,非神,土田(农事),历组/𠂤历,小学堂,历组,①小学堂:歷組
土,33211.1,33211,土,未核,语境不足,历组/𠂤历,小学堂,历组,①小学堂:歷組
土,33211.2,33211,甲子貞于下人刖土田,非神,土田(农事),历组/𠂤历,小学堂,历组,①小学堂:歷組
土,33211.3,33211,子貞于方土田,非神,土田(农事),历组/𠂤历,小学堂,历组,①小学堂:歷組
土,33212,33212,王令土田,非神,土田(农事),历组/𠂤历,小学堂,历组,①小学堂:歷組
土,33213,33213,貞王令多羌土田,非神,土田(农事),历组/𠂤历,小学堂,历组,①小学堂:歷組
土,33214,33214,逐土田,非神,土田(农事),历组/𠂤历,合集区段,历组,合集区段
土,33215.2,33215,犬延土田,非神,土田(农事),历组/𠂤历,合集区段,历组,合集区段
土,33272.1,33272,申卜四土宗,非神,疑牡/牲名(摹释作土),历组/𠂤历,合集区段,历组,合集区段
土,33278.1,33278,辛貞令土田,非神,土田(农事),历组/𠂤历,合集区段,历组,合集区段
土,33363.2,33363,冉土,非神,地名冉土,何/无名,小学堂,无名组,①小学堂:無名組
土,33613.1,33613,二土,非神,疑牡/牲名(摹释作土),历组/𠂤历,合集区段,历组,合集区段
土,33614.3,33614,惟土,未核,语境不足,历组/𠂤历,合集区段,历组,合集区段
土,33959,33959,辛未卜（？）于土雨,未核,于土+雨,历组/𠂤历,合集区段,历组,合集区段
土,3396,3396,丁卯貞呼土伯,非神,方国土方(省),宾组,小学堂,宾组,①小学堂:賓組
土,34031.2,34031,甲申卜有土,未核,有土(侑土/有土地),历组/𠂤历,合集区段,历组,合集区段
土,34071.1,34071,于王冉土,非神,地名冉土,历组/𠂤历,小学堂,历组,①小学堂:歷組
土,34075.3,34075,土,未核,语境不足,历组/𠂤历,合集区段,历组,合集区段
土,34080,34080,乙巳貞丙午生于妣丙牡三土一白,非神,疑牡/牲名(摹释作土),历组/𠂤历,小学堂,历组,①小学堂:歷組
土,34081.2,34081,辛巳貞其生于妣庚妣丙牡土白豕,非神,疑牡/牲名(摹释作土),历组/𠂤历,小学堂,历组,①小学堂:歷組
土,34082.3,34082,辛巳貞其生于妣庚妣丙牡土白犬,非神,疑牡/牲名(摹释作土),历组/𠂤历,合集区段,历组,合集区段
土,34088.3,34088,己未卜寧雨于土,神,,历组/𠂤历,小学堂,历组,①小学堂:歷組
土,34120.1,34120,癸卯卜貞乙巳自上甲二十示一牛二示羊土燎四戈彘牢四戈豕,未核,"疑牡(祖先祭牲,摹释作土)",𠂤组,小学堂,𠂤宾间,①小学堂:𠂤賓間
土,34155.2,34155,癸亥貞今日小帝于巫土一犬,神,,历组/𠂤历,合集区段,历组,合集区段
土,34183.2,34183,庚寅貞侑土燎大,神,,历组/𠂤历,合集区段,历组,合集区段
土,34184,34184,貞王告土,神,,历组/𠂤历,合集区段,历组,合集区段
土,34185.1,34185,己亥卜田率燎土豕Ｔ９豕河豕岳豕,神,,历组/𠂤历,小学堂,历组,①小学堂:歷組
土,34186.1,34186,燎于土,神,,历组/𠂤历,合集区段,历组,合集区段
土,34187.1,34187,其燎于土,神,,历组/𠂤历,合集区段,历组,合集区段
土,34188,34188,燎于土,神,,历组/𠂤历,合集区段,历组,合集区段
土,34189.2,34189,庚辰卜于卜乃土,未核,语境不足,历组/𠂤历,合集区段,历组,合集区段
土,34189.3,34189,庚辰卜于乃土,未核,语境不足,历组/𠂤历,合集区段,历组,合集区段
土,3419.2,3419,庚子卜土伯,非神,方国土方(省),宾组,合集区段,宾组,合集区段
土,34190.1,34190,戊申其乇于土牛,神,,历组/𠂤历,合集区段,历组,合集区段
土,34219.1,34219,甲申卜于土牢,神,,历组/𠂤历,小学堂,历组,①小学堂:歷組
土,34239.1,34239,辛王土田Ｂ７９１,非神,土田(农事),历组/𠂤历,小学堂,历组,①小学堂:歷組
土,34493.3,34493,乙卯卜王祟雨于土,未核,语境不足,历组/𠂤历,合集区段,历组,合集区段
土,34634.1,34634,土一牢,神,,历组/𠂤历,合集区段,历组,合集区段
土,34711.1,34711,庚辰于土大牢,神,,历组/𠂤历,合集区段,历组,合集区段
土,35351.1,35351,彳之土一卣羌三十卯牢,未核,"疑牡(祖先祭牲,摹释作土)",黄组,合集区段,黄组,合集区段
土,36404.1,36404,乙卯貞王土,未核,语境不足,黄组,合集区段,黄组,合集区段
土,36481正.0,36481,小臣牆比伐擒危美人二十人四人五百七十Ｂ８８９百車二丙盾百八十三五十矢白于大用Ｂ８９０伯邱冉土曰京晹,非神,地名冉土,黄组,小学堂,黄组,①小学堂:黃組
土,36975.2,36975,東土受年,非神,地域/地名/官名,黄组,小学堂,黄组,①小学堂:黃組
土,36975.3,36975,南土受年吉,非神,地域/地名/官名,黄组,小学堂,黄组,①小学堂:黃組
土,36975.4,36975,西土受年吉,非神,地域/地名/官名,黄组,小学堂,黄组,①小学堂:黃組
土,36975.5,36975,北土受年吉,非神,地域/地名/官名,黄组,小学堂,黄组,①小学堂:黃組
土,37386.3,37386,卜貞衣日犬土祝兕翌日亥王其悔擒,非神,田猎语境,黄组,小学堂,黄组,①小学堂:黃組
土,37387.2,37387,丁酉貞翌日壬寅王其土兕其唯Ｂ９９０Ｂ９９１Ｂ９９２王弗悔,非神,田猎语境,黄组,合集区段,黄组,合集区段
土,37387.3,37387,乙未卜貞犬土兕,非神,田猎语境,黄组,合集区段,黄组,合集区段
土,37392,37392,丁卯卜在去貞Ｔ８１告曰兕來羞王惟今日土無災擒,非神,田猎语境,黄组,小学堂,黄组,①小学堂:黃組
土,37467,37467,告Ｃ００５兕土惟,非神,田猎语境,黄组,小学堂,黄组,①小学堂:黃組
土,37514.1,37514,戊午卜在貞王其土大兕惟暨騽無災擒,非神,田猎语境,黄组,小学堂,黄组,①小学堂:黃組
土,3915,3915,卜土,未核,语境不足,宾组,合集区段,宾组,合集区段
土,39503.2,39503,燎于土,神,,"第13册(补遗,未分)",合集区段,第13册(未分),合集区段
土,39809,39809,侑小王己土,未核,"疑牡(祖先祭牲,摹释作土)","第13册(补遗,未分)",合集区段,第13册(未分),合集区段
土,39853正.3,39853,爭貞沚冊王比伐土方,非神,方国土方,"第13册(补遗,未分)",合集区段,第13册(未分),合集区段
土,39854.2,39854,爭貞曰方其凡Ｃ１０７于土敦Ｃ１０８允其敦,未核,语境不足,"第13册(补遗,未分)",合集区段,第13册(未分),合集区段
土,39879.2,39879,貞告土方,非神,方国土方,"第13册(补遗,未分)",合集区段,第13册(未分),合集区段
土,39880.4,39880,貞王循土方,非神,方国土方,"第13册(补遗,未分)",合集区段,第13册(未分),合集区段
土,39881.3,39881,申卜爭貞王循土,非神,方国土方(省),"第13册(补遗,未分)",合集区段,第13册(未分),合集区段
土,39882.1,39882,卜爭貞王循土方,非神,方国土方,"第13册(补遗,未分)",合集区段,第13册(未分),合集区段
土,39883.3,39883,貞今Ｄ０１７勿征土方,非神,方国土方,"第13册(补遗,未分)",合集区段,第13册(未分),合集区段
土,39884.1,39884,王伐土方,非神,方国土方,"第13册(补遗,未分)",合集区段,第13册(未分),合集区段
土,39885,39885,甲午卜貞王比沚伐土受有祐五,非神,方国土方(省),"第13册(补遗,未分)",合集区段,第13册(未分),合集区段
土,39886.1,39886,貞王勿婦好伐土方,非神,方国土方,"第13册(补遗,未分)",合集区段,第13册(未分),合集区段
土,39887.1,39887,丁丑卜貞今Ｄ０１７王比沚伐土方受有祐,非神,方国土方,"第13册(补遗,未分)",合集区段,第13册(未分),合集区段
土,39888,39888,丙午卜沚土方,非神,方国土方,"第13册(补遗,未分)",合集区段,第13册(未分),合集区段
土,39889.1,39889,己酉卜貞今Ｄ０１７王惟土,非神,地域/地名/官名,"第13册(补遗,未分)",合集区段,第13册(未分),合集区段
土,40033,40033,貞帝不我其土方祐,非神,方国土方,"第13册(补遗,未分)",合集区段,第13册(未分),合集区段
土,40044.2,40044,疾北土,非神,地域/地名/官名,"第13册(补遗,未分)",合集区段,第13册(未分),合集区段
土,40075.9,40075,庚寅卜貞其土,未核,语境不足,"第13册(补遗,未分)",合集区段,第13册(未分),合集区段
土,40091,40091,西土受,非神,地域/地名/官名,"第13册(补遗,未分)",合集区段,第13册(未分),合集区段
土,40092,40092,土受,非神,地域/地名/官名,"第13册(补遗,未分)",合集区段,第13册(未分),合集区段
土,40187.2,40187,己未五十土,非神,疑牡/牲名(摹释作土),"第13册(补遗,未分)",合集区段,第13册(未分),合集区段
土,40188,40188,土,未核,语境不足,"第13册(补遗,未分)",合集区段,第13册(未分),合集区段
土,40189,40189,丁十土,非神,疑牡/牲名(摹释作土),"第13册(补遗,未分)",合集区段,第13册(未分),合集区段
土,40353正.3,40353,貞作大邑于唐土,非神,地域/地名/官名,"第13册(补遗,未分)",合集区段,第13册(未分),合集区段
土,40625.2,40625,土其有災,未核,语境不足,"第13册(补遗,未分)",合集区段,第13册(未分),合集区段
土,40889.3,40889,卜東土其艱,非神,地域/地名/官名,"第13册(补遗,未分)",合集区段,第13册(未分),合集区段
土,41358.2,41358,木土犬無災,非神,田猎语境,"第13册(补遗,未分)",合集区段,第13册(未分),合集区段
土,4248.5,4248,貞土,未核,语境不足,宾组,合集区段,宾组,合集区段
土,558.4,558,循土,非神,方国土方(省),宾组,合集区段,宾组,合集区段
土,5749.3,5749,午卜古貞土木,未核,语境不足,宾组,小学堂,宾组,①小学堂:賓組
土,5814,5814,己卯卜貞Ｔ８１師次土自凡Ｄ０２０,未核,语境不足,宾组,小学堂,宾组,①小学堂:賓組
土,5908.3,5908,貞王其有土　二告,未核,有土(侑土/有土地),宾组,小学堂,宾组,①小学堂:賓組
土,6.4,6,癸巳卜貞令眾人入絴方土田,非神,土田(农事),宾组,小学堂,宾组,①小学堂:賓組
土,6035.2,6035,翌甲辰禦Ｈ０３７十土,未核,"疑牡(祖先祭牲,摹释作土)",宾组,小学堂,宾组,①小学堂:賓組
土,6059,6059,告曰土方侵我西鄙,非神,方国土方,宾组,合集区段,宾组,合集区段
土,6061,6061,告曰土亦,非神,方国/人名,宾组,合集区段,宾组,合集区段
土,6128,6128,乙丑卜貞曰方其至于Ｇ２２４土其有,非神,地域/地名/官名,宾组,小学堂,宾组,①小学堂:賓組
土,6357.4,6357,貞方弗Ｅ０５９西土,非神,地域/地名/官名,宾组,合集区段,宾组,合集区段
土,6357.5,6357,其Ｅ０５９西土,非神,地域/地名/官名,宾组,合集区段,宾组,合集区段
土,6381,6381,土方出,非神,方国土方,宾组,合集区段,宾组,合集区段
土,6382,6382,來土出載,未核,语境不足,宾组,合集区段,宾组,合集区段
土,6384.3,6384,貞告土方于上甲,非神,方国土方,宾组,小学堂,宾组,①小学堂:賓組
土,6384.4,6384,貞告土方于上甲,非神,方国土方,宾组,小学堂,宾组,①小学堂:賓組
土,6386.3,6386,貞告土方于上甲,非神,方国土方,宾组,小学堂,宾组,①小学堂:賓組
土,6387.3,6387,貞告土方于唐,非神,方国土方,宾组,合集区段,宾组,合集区段
土,6388.1,6388,貞告土方于唐,非神,方国土方,宾组,小学堂,宾组,①小学堂:賓組
土,6389.1,6389,貞王勿循土方,非神,方国土方,宾组,合集区段,宾组,合集区段
土,6389.2,6389,貞王循土,非神,方国土方(省),宾组,合集区段,宾组,合集区段
土,6390,6390,庚申卜爭貞王循土方,非神,方国土方,宾组,合集区段,宾组,合集区段
土,6391.6,6391,貞王循土方,非神,方国土方,宾组,合集区段,宾组,合集区段
土,6392.1,6392,循土方,非神,方国土方,宾组,合集区段,宾组,合集区段
土,6392.2,6392,勿循土方,非神,方国土方,宾组,合集区段,宾组,合集区段
土,6393.1,6393,王土,未核,语境不足,宾组,合集区段,宾组,合集区段
土,6394.6,6394,貞王勿循土方,非神,方国土方,宾组,合集区段,宾组,合集区段
土,6395.1,6395,貞王勿循土方,非神,方国土方,宾组,合集区段,宾组,合集区段
土,6396.1,6396,王土,未核,语境不足,宾组,合集区段,宾组,合集区段
土,6396.2,6396,貞循土方,非神,方国土方,宾组,合集区段,宾组,合集区段
土,6397.1,6397,循土,非神,方国土方(省),宾组,合集区段,宾组,合集区段
土,6397.2,6397,土,未核,语境不足,宾组,合集区段,宾组,合集区段
土,6398.1,6398,庚申卜貞伐土方受,非神,方国土方,宾组,合集区段,宾组,合集区段
土,6398.2,6398,庚申卜貞今Ｄ０１７王循土方有,非神,方国土方,宾组,合集区段,宾组,合集区段
土,6399.2,6399,庚申卜貞今Ｄ０１７王循土方,非神,方国土方,宾组,小学堂,宾组,①小学堂:賓組
土,6400.1,6400,王循伐土方受,非神,方国土方,宾组,合集区段,宾组,合集区段
土,6401.2,6401,貞沚稱冊王比伐土方有,非神,方国土方,宾组,合集区段,宾组,合集区段
土,6403,6403,辰卜沚冊王伐土方受,非神,方国土方,宾组,合集区段,宾组,合集区段
土,6406,6406,貞沚尋稱土方我受有,非神,方国土方,宾组,小学堂,宾组,①小学堂:賓組
土,6407.1,6407,人三千呼伐土方,非神,方国土方,宾组,小学堂,宾组,①小学堂:賓組
土,6407.3,6407,土,未核,语境不足,宾组,小学堂,宾组,①小学堂:賓組
土,6408,6408,貞征土受,非神,方国土方(省),宾组,合集区段,宾组,合集区段
土,6409,6409,丁酉卜貞今Ｄ０１７王人五千征土方受有祐三月,非神,方国土方,宾组,合集区段,宾组,合集区段
土,6411,6411,人征土有,非神,方国土方(省),宾组,合集区段,宾组,合集区段
土,6412,6412,辛巳卜爭貞今Ｄ０１７王人呼婦好伐土方受有祐五月,非神,方国土方,宾组,合集区段,宾组,合集区段
土,6413.2,6413,貞今Ｄ０１７征土方,非神,方国土方,宾组,小学堂,宾组,①小学堂:賓組
土,6414.1,6414,貞勿人伐土,非神,方国土方(省),宾组,合集区段,宾组,合集区段
土,6415,6415,丁巳卜貞王惟沚比伐土,非神,方国土方(省),宾组,合集区段,宾组,合集区段
土,6416,6416,丁巳卜貞王惟沚比伐土方,非神,方国土方,宾组,合集区段,宾组,合集区段
土,6418,6418,辛巳卜貞今Ｄ０１７王惟比伐土方下上若受,非神,方国土方,宾组,合集区段,宾组,合集区段
土,6419,6419,貞王比沚伐土方,非神,方国土方,宾组,小学堂,宾组,①小学堂:賓組
土,6420,6420,比沚伐土方受祐四月,非神,方国土方,宾组,合集区段,宾组,合集区段
土,6421,6421,辛酉卜貞王比沚伐土,非神,方国土方(省),宾组,合集区段,宾组,合集区段
土,6422,6422,比伐土受有祐,非神,方国土方(省),宾组,合集区段,宾组,合集区段
土,6423.1,6423,貞勿比伐土方,非神,方国土方,宾组,合集区段,宾组,合集区段
土,6424.2,6424,乙酉卜貞今Ｄ０１７勿比伐土方　二告　不黽,非神,方国土方,宾组,合集区段,宾组,合集区段
土,6425,6425,貞今王Ｅ０５９伐土方受,非神,方国土方,宾组,小学堂,宾组,①小学堂:賓組
土,6426.1,6426,貞今Ｄ０１７王伐土方,非神,方国土方,宾组,小学堂,宾组,①小学堂:賓組
土,6427.1,6427,貞今Ｄ０１７王伐土方受有,非神,方国土方,宾组,合集区段,宾组,合集区段
土,6428,6428,Ｄ０１７王伐土下上若我,非神,方国土方(省),宾组,合集区段,宾组,合集区段
土,6429,6429,卜Ｄ０１７王伐土,非神,方国土方(省),宾组,合集区段,宾组,合集区段
土,6430,6430,Ｄ０１７王土方受有祐十二月　二告,非神,方国土方,宾组,合集区段,宾组,合集区段
土,6431.4,6431,王伐土方受有祐,非神,方国土方,宾组,小学堂,宾组,①小学堂:賓組
土,6432.1,6432,伐土方受有祐,非神,方国土方,宾组,合集区段,宾组,合集区段
土,6433,6433,伐土方受有祐,非神,方国土方,宾组,合集区段,宾组,合集区段
土,6434,6434,己巳卜爭伐土方,非神,方国土方,宾组,合集区段,宾组,合集区段
土,6435,6435,貞沚伐土,非神,方国土方(省),宾组,合集区段,宾组,合集区段
土,6436,6436,辛巳卜爭貞伐土方受,非神,方国土方,宾组,合集区段,宾组,合集区段
土,6437.2,6437,伐土方有,非神,方国土方,宾组,合集区段,宾组,合集区段
土,6438.1,6438,戌卜爭貞令三族沚土受,非神,地域/地名/官名,宾组,合集区段,宾组,合集区段
土,6439,6439,土方,非神,方国土方,宾组,合集区段,宾组,合集区段
土,6441.1,6441,戊午卜貞今Ｄ０１７王征土方,非神,方国土方,宾组,合集区段,宾组,合集区段
土,6442,6442,乙卯卜貞王惟土方征,非神,方国土方,宾组,合集区段,宾组,合集区段
土,6443,6443,乙卯卜貞王惟土方征,非神,方国土方,宾组,合集区段,宾组,合集区段
土,6444,6444,貞王勿惟土方征,非神,方国土方,宾组,合集区段,宾组,合集区段
土,6447,6447,貞勿征土方,非神,方国土方,宾组,小学堂,宾组,①小学堂:賓組
土,6448.1,6448,貞勿征土方,非神,方国土方,宾组,合集区段,宾组,合集区段
土,6449.3,6449,貞勿征土方,非神,方国土方,宾组,小学堂,宾组,①小学堂:賓組
土,6450.2,6450,貞弗其擒土方,非神,方国土方,宾组,小学堂,宾组,①小学堂:賓組
土,6452.1,6452,甲寅卜貞戉其獲征土方,非神,方国土方,宾组,合集区段,宾组,合集区段
土,6453.2,6453,余其征（？）土方以侖,非神,方国土方,宾组,合集区段,宾组,合集区段
土,6454.2,6454,貞土方伐受,非神,方国土方,宾组,合集区段,宾组,合集区段
土,6773.1,6773,乙酉卜方弗土十二月,未核,语境不足,𠂤组,小学堂,𠂤宾间,①小学堂:𠂤賓間
土,6773.2,6773,方土,非神,地域/地名/官名,𠂤组,小学堂,𠂤宾间,①小学堂:𠂤賓間
土,6774,6774,乙酉土,未核,语境不足,𠂤组,小学堂,𠂤宾间,①小学堂:𠂤賓間
土,7082,7082,Ｅ０５９伐西土,非神,地域/地名/官名,宾组,小学堂,宾组,①小学堂:賓組
土,7084,7084,貞令伐東土告于祖乙于丁八月,非神,地域/地名/官名,宾组,小学堂,宾组,①小学堂:賓組
土,7308.1,7308,今東土人,非神,地域/地名/官名,宾组,合集区段,宾组,合集区段
土,7359.2,7359,燎于土,神,,宾组,合集区段,宾组,合集区段
土,7701.2,7701,甲戌卜爭貞卯土一王茲,未核,语境不足,宾组,小学堂,宾组,①小学堂:賓組
土,780.3,780,貞燎于土三小卯一牛沈十牛,神,,宾组,小学堂,宾组,①小学堂:賓組
土,784,784,禦于高妣己Ｇ０６８二土Ｇ０６５,未核,"疑牡(祖先祭牲,摹释作土)",宾组,合集区段,宾组,合集区段
土,7861.6,7861,燎于土,神,,宾组,小学堂,宾组,①小学堂:賓組
土,79.2,79,辰彳尸土擒,非神,田猎语境,宾组,合集区段,宾组,合集区段
土,8111,8111,彳尸土往于Ｈ０３３,未核,语境不足,宾组,合集区段,宾组,合集区段
土,8233,8233,永貞翌丁酉子土曰其有,未核,"疑牡(祖先祭牲,摹释作土)",宾组,小学堂,宾组,①小学堂:賓組
土,8400,8400,貞呼戈人土Ｓ１０７,未核,语境不足,宾组,合集区段,宾组,合集区段
土,8401.4,8401,貞呼戈人土Ｓ１０７,未核,语境不足,宾组,合集区段,宾组,合集区段
土,846.3,846,貞勿年于甫土,非神,地域/地名/官名,宾组,小学堂,宾组,①小学堂:賓組
土,8474,8474,土方弗其受有祐,非神,方国土方,宾组,合集区段,宾组,合集区段
土,8475,8475,貞土方受有,非神,方国土方,宾组,合集区段,宾组,合集区段
土,8476,8476,土方其受有,非神,方国土方,宾组,合集区段,宾组,合集区段
土,8477,8477,貞土受有,非神,地域/地名/官名,宾组,合集区段,宾组,合集区段
土,8478.1,8478,貞我受土方祐,非神,方国土方,宾组,合集区段,宾组,合集区段
土,8479,8479,貞我受土方祐,非神,方国土方,宾组,合集区段,宾组,合集区段
土,8480,8480,丁亥卜爭貞我受土方,非神,方国土方,宾组,合集区段,宾组,合集区段
土,8481,8481,貞弗其受土方祐,非神,方国土方,宾组,合集区段,宾组,合集区段
土,8482,8482,弗其受土方祐,非神,方国土方,宾组,合集区段,宾组,合集区段
土,8483,8483,弗其受土方祐,非神,方国土方,宾组,合集区段,宾组,合集区段
土,8485,8485,貞王勿土方其受,非神,方国土方,宾组,合集区段,宾组,合集区段
土,8487,8487,土方,非神,方国土方,宾组,合集区段,宾组,合集区段
土,8488,8488,貞土方,非神,方国土方,宾组,合集区段,宾组,合集区段
土,8489,8489,土方,非神,方国土方,宾组,合集区段,宾组,合集区段
土,8491,8491,丑卜土方,非神,方国土方,宾组,合集区段,宾组,合集区段
土,8563,8563,衣今暨土出,未核,语境不足,宾组,合集区段,宾组,合集区段
土,8735.2,8735,惟東土十一月,非神,地域/地名/官名,宾组,合集区段,宾组,合集区段
土,8736,8736,貞東土,非神,地域/地名/官名,宾组,合集区段,宾组,合集区段
土,8748,8748,南土,非神,地域/地名/官名,宾组,合集区段,宾组,合集区段
土,8749,8749,貞南土,非神,地域/地名/官名,宾组,合集区段,宾组,合集区段
土,8774,8774,惟西土,非神,地域/地名/官名,宾组,小学堂,宾组,①小学堂:賓組
土,8775,8775,庚申西土其受,非神,地域/地名/官名,宾组,合集区段,宾组,合集区段
土,8776,8776,貞西土不,非神,地域/地名/官名,宾组,合集区段,宾组,合集区段
土,8777.2,8777,貞呼獻羊于西土由,非神,地域/地名/官名,宾组,合集区段,宾组,合集区段
土,8783.1,8783,貞呼牛于北土,非神,地域/地名/官名,宾组,合集区段,宾组,合集区段
土,8791.1,8791,癸貞Ｓ１０９土,未核,语境不足,宾组,合集区段,宾组,合集区段
土,8792,8792,北土,非神,地域/地名/官名,宾组,合集区段,宾组,合集区段
土,8793,8793,貞土,未核,语境不足,宾组,合集区段,宾组,合集区段
土,8794,8794,土方,非神,方国土方,宾组,合集区段,宾组,合集区段
土,8795,8795,貞我至于土延無,未核,语境不足,宾组,合集区段,宾组,合集区段
土,9002.1,9002,貞土以,未核,语境不足,宾组,小学堂,宾组,①小学堂:賓組
土,9002.2,9002,貞土不其以,非神,方国/人名,宾组,小学堂,宾组,①小学堂:賓組
土,9002.3,9002,乙丑卜貞土以,未核,语境不足,宾组,小学堂,宾组,①小学堂:賓組
土,9002.4,9002,土不其以　二告,非神,方国/人名,宾组,小学堂,宾组,①小学堂:賓組
土,9167.1,9167,土,未核,语境不足,宾组,合集区段,宾组,合集区段
土,941,941,卜有伐于季三卯六土,非神,疑牡/牲名(摹释作土),宾组,合集区段,宾组,合集区段
土,9473,9473,貞勿令土田,非神,土田(农事),宾组,小学堂,宾组,①小学堂:賓組
土,9474.2,9474,令土無三日八,未核,语境不足,宾组,合集区段,宾组,合集区段
土,9476,9476,戊辰卜貞令泳土田于,非神,土田(农事),宾组,合集区段,宾组,合集区段
土,9477.1,9477,泳土田于,非神,土田(农事),宾组,小学堂,宾组,①小学堂:賓組
土,9478.2,9478,貞Ｔ１土衛,未核,语境不足,宾组,合集区段,宾组,合集区段
土,9479,9479,戊子卜貞令犬延族土田于,非神,土田(农事),宾组,合集区段,宾组,合集区段
土,9480.1,9480,卜貞翌有正乃土田,非神,土田(农事),宾组,小学堂,宾组,①小学堂:賓組
土,9481,9481,令土,未核,语境不足,宾组,小学堂,宾组,①小学堂:賓組
土,9482,9482,乙丑令土,未核,语境不足,宾组,合集区段,宾组,合集区段
土,9483,9483,土,未核,语境不足,宾组,小学堂,宾组,①小学堂:賓組
土,9484,9484,匚土,未核,语境不足,宾组,合集区段,宾组,合集区段
土,9485,9485,子卜令土,未核,"疑牡(祖先祭牲,摹释作土)",宾组,小学堂,宾组,①小学堂:賓組
土,9486,9486,癸貞令土于侯十二月,未核,语境不足,宾组,小学堂,宾组,①小学堂:賓組
土,9734.4,9734,貞東土受年,非神,地域/地名/官名,宾组,合集区段,宾组,合集区段
土,9735.1,9735,甲午卜延貞東土受年　二告,非神,地域/地名/官名,宾组,小学堂,宾组,①小学堂:賓組
土,9735.2,9735,甲午卜延貞東土不其受年　二告,非神,地域/地名/官名,宾组,小学堂,宾组,①小学堂:賓組
土,9736,9736,東土受年,非神,地域/地名/官名,宾组,合集区段,宾组,合集区段
土,9737,9737,南土受年,非神,地域/地名/官名,宾组,合集区段,宾组,合集区段
土,9738.1,9738,甲午卜貞南土受年,非神,地域/地名/官名,宾组,合集区段,宾组,合集区段
土,9744.1,9744,乙巳卜貞西土受年三月,非神,地域/地名/官名,宾组,小学堂,宾组,①小学堂:賓組
土,9745.1,9745,甲午卜宁貞北土受年,非神,地域/地名/官名,宾组,合集区段,宾组,合集区段
土,9745.2,9745,甲午卜宁貞北土不其受年　二告,非神,地域/地名/官名,宾组,合集区段,宾组,合集区段
土,9747.1,9747,北土受年　二告,非神,地域/地名/官名,宾组,合集区段,宾组,合集区段
土,9748,9748,丙寅北土年,非神,地域/地名/官名,宾组,合集区段,宾组,合集区段
土,9749.1,9749,北土不其受年,非神,地域/地名/官名,宾组,合集区段,宾组,合集区段
土,9753,9753,土受年,非神,地域/地名/官名,宾组,合集区段,宾组,合集区段
土,9754,9754,癸爭貞土年,未核,语境不足,宾组,合集区段,宾组,合集区段
T9,00418正.5,418,庚申卜貞燎于Ｔ９,神,,宾组,小学堂,宾组,①小学堂:賓組
T9,01051反.3,1051,貞侑于Ｔ９,神,,宾组,小学堂,宾组,①小学堂:賓組
T9,01051反.4,1051,勿侑于Ｔ９,神,,宾组,小学堂,宾组,①小学堂:賓組
T9,01052正.10,1052,貞Ｔ９不其象　二告,神,,𠂤组,小学堂,𠂤宾间,①小学堂:𠂤賓間
T9,01052正.9,1052,丁酉卜爭貞Ｔ９象,神,,𠂤组,小学堂,𠂤宾间,①小学堂:𠂤賓間
T9,01140正.1,1140,甲卜燎T９,神,,宾组,小学堂,宾组,①小学堂:賓組
T9,01140正.7,1140,丁未卜王帝于Ｔ９,神,,宾组,小学堂,宾组,①小学堂:賓組
T9,01140正.8,1140,戊申卜貞方帝燎于Ｔ９卯上甲,神,,宾组,小学堂,宾组,①小学堂:賓組
T9,01349正.0,1349,Ｔ９,神,,宾组,合集区段,宾组,合集区段
T9,10098,10098,巳卜貞年于Ｔ９五小二月,神,,宾组,合集区段,宾组,合集区段
T9,10099,10099,貞于Ｔ９年,神,,宾组,合集区段,宾组,合集区段
T9,12845,12845,Ｔ９雨,神,,宾组,合集区段,宾组,合集区段
T9,14650,14650,Ｔ９羊有豚,神,,宾组,小学堂,宾组,①小学堂:賓組
T9,14651,14651,貞侑于Ｔ９,神,,宾组,合集区段,宾组,合集区段
T9,14652,14652,Ｔ９,神,,宾组,合集区段,宾组,合集区段
T9,14653,14653,午卜燎于于Ｔ９,神,,宾组,合集区段,宾组,合集区段
T9,14654正.1,14654,己巳卜貞燎于Ｔ９,神,,宾组,合集区段,宾组,合集区段
T9,14655.2,14655,己巳卜貞燎于Ｔ９,神,,宾组,合集区段,宾组,合集区段
T9,14656,14656,貞燎于Ｔ９,神,,宾组,合集区段,宾组,合集区段
T9,14657,14657,燎于Ｔ９,神,,宾组,合集区段,宾组,合集区段
T9,14658.5,14658,貞燎于Ｔ９,神,,宾组,合集区段,宾组,合集区段
T9,14659.2,14659,燎于Ｔ９一牛,神,,宾组,合集区段,宾组,合集区段
T9,14659.3,14659,勿燎于Ｔ９,神,,宾组,合集区段,宾组,合集区段
T9,14660,14660,亥卜燎于Ｔ９二牛,神,,宾组,合集区段,宾组,合集区段
T9,14661.1,14661,貞燎于Ｔ９,神,,宾组,合集区段,宾组,合集区段
T9,14662正.1,14662,癸亥卜貞燎于Ｔ９十二月,神,,宾组,合集区段,宾组,合集区段
T9,14663.1,14663,燎Ｔ９,神,,宾组,合集区段,宾组,合集区段
T9,14664.1,14664,乙亥卜燎Ｔ９羊,神,,宾组,合集区段,宾组,合集区段
T9,14665反.0,14665,貞燎于Ｔ９,神,,宾组,合集区段,宾组,合集区段
T9,14666,14666,乙卯卜貞燎于Ｔ９,神,,宾组,合集区段,宾组,合集区段
T9,14667,14667,己巳卜貞燎于Ｔ９,神,,宾组,合集区段,宾组,合集区段
T9,14668,14668,乙巳卜爭貞勿燎于Ｔ９,神,,宾组,合集区段,宾组,合集区段
T9,14669反.1,14669,貞燎于Ｔ９,神,,宾组,合集区段,宾组,合集区段
T9,14670反.0,14670,燎Ｔ９,神,,宾组,合集区段,宾组,合集区段
T9,14671.2,14671,貞燎于Ｔ９,神,,宾组,合集区段,宾组,合集区段
T9,14672.3,14672,燎于Ｔ９,神,,宾组,小学堂,宾组,①小学堂:賓組
T9,14672.4,14672,勿燎Ｔ９,神,,宾组,小学堂,宾组,①小学堂:賓組
T9,14673.1,14673,燎于Ｔ９,神,,宾组,小学堂,宾组,①小学堂:賓組
T9,14673.2,14673,貞勿燎于Ｔ９,神,,宾组,小学堂,宾组,①小学堂:賓組
T9,14674,14674,Ｔ９,神,,宾组,合集区段,宾组,合集区段
T9,14675,14675,于Ｔ９寧摧,神,,宾组,合集区段,宾组,合集区段
T9,14676,14676,于Ｔ９,神,,宾组,合集区段,宾组,合集区段
T9,14677,14677,于Ｔ９,神,,宾组,合集区段,宾组,合集区段
T9,14678正.1,14678,Ｔ９,神,,宾组,合集区段,宾组,合集区段
T9,14679,14679,Ｔ９雨,神,,宾组,合集区段,宾组,合集区段
T9,14680.1,14680,Ｔ９西,神,,宾组,合集区段,宾组,合集区段
T9,14681.2,14681,曰兒Ｔ９來,神,,宾组,小学堂,宾组,①小学堂:賓組
T9,14682.1,14682,貞Ｇ８７７Ｔ９,神,,宾组,合集区段,宾组,合集区段
T9,14683,14683,己Ｔ９,神,,宾组,合集区段,宾组,合集区段
T9,1475.2,1475,勿于Ｔ９寧,神,,宾组,合集区段,宾组,合集区段
T9,14771.2,14771,辛卯卜燎于Ｔ９,神,,宾组,合集区段,宾组,合集区段
T9,1508.2,1508,貞于Ｔ９侑,神,,宾组,合集区段,宾组,合集区段
T9,17362.3,17362,貞Ｔ９我,神,,宾组,合集区段,宾组,合集区段
T9,19529正.1,19529,Ｔ９人宅,神,,宾组,合集区段,宾组,合集区段
T9,22419,22419,Ｔ９河岳岳,神,,子组/非王,小学堂,子组/非王,①小学堂:子組
T9,30442.2,30442,卜Ｂ４７６Ｔ９王,神,,何/无名,合集区段,三期未分,④
T9,30443,30443,其燎Ｔ９其Ｔ１,神,,何/无名,合集区段,无名组,③格式【字体未核】
T9,32234.3,32234,丙寅卜伐于Ｔ９,神,,历组/𠂤历,合集区段,历组,合集区段
T9,32675.3,32675,于Ｔ９禦,神,,历组/𠂤历,小学堂,历组,①小学堂:歷組
T9,33273.11,33273,己丑貞庚午燎于Ｔ９,神,,历组/𠂤历,小学堂,历组,①小学堂:歷組
T9,33273.8,33273,丙寅貞惟丁卯于Ｔ９,神,,历组/𠂤历,小学堂,历组,①小学堂:歷組
T9,33273.9,33273,丙寅貞于庚午于Ｔ９,神,,历组/𠂤历,小学堂,历组,①小学堂:歷組
T9,33277.3,33277,申貞Ｔ９（？）禾,神,,历组/𠂤历,小学堂,历组,①小学堂:歷組
T9,33278.5,33278,申貞于Ｔ９禾,神,,历组/𠂤历,合集区段,历组,合集区段
T9,33303.2,33303,庚午卜其禾于Ｔ９其暨雨,神,,历组/𠂤历,合集区段,历组,合集区段
T9,33747正.11,33747,丁巳卜Ｔ９目Ｂ７７２,神,,历组/𠂤历,小学堂,历组,①小学堂:歷組
T9,33747正.7,33747,甲申卜Ｔ９目Ｂ７７２羊,神,,历组/𠂤历,小学堂,历组,①小学堂:歷組
T9,34185.1,34185,己亥卜田率燎土豕Ｔ９豕河豕岳豕,神,,历组/𠂤历,小学堂,历组,①小学堂:歷組
T9,34240.2,34240,癸巳卜侑于Ｔ９　茲用,神,,历组/𠂤历,合集区段,历组,合集区段
T9,34265.2,34265,于Ｔ９有雨,神,,历组/𠂤历,合集区段,历组,合集区段
T9,34266.1,34266,戊申卜侑Ｔ９豕,神,,历组/𠂤历,合集区段,历组,合集区段
T9,34266.2,34266,戊申卜侑于Ｔ９Ｔ１（？）何（？）羊豕,神,,历组/𠂤历,合集区段,历组,合集区段
T9,34267.2,34267,辛亥卜有燎于Ｔ９,神,,历组/𠂤历,小学堂,历组,①小学堂:歷組
T9,34268.2,34268,辛亥卜有燎于Ｔ９,神,,历组/𠂤历,小学堂,历组,①小学堂:歷組
T9,34268.5,34268,辛亥侑于Ｔ９,神,,历组/𠂤历,小学堂,历组,①小学堂:歷組
T9,34268.7,34268,甲子卜侑于Ｔ９,神,,历组/𠂤历,小学堂,历组,①小学堂:歷組
T9,34269,34269,丁巳卜Ｔ９河,神,,历组/𠂤历,合集区段,历组,合集区段
T9,34270,34270,未卜其雨于Ｔ９七月,神,,历组/𠂤历,合集区段,历组,合集区段
T9,34271,34271,戊申貞惟雨于Ｔ９,神,,历组/𠂤历,合集区段,历组,合集区段
T9,34272正.1,34272,己丑卜Ｂ７９５Ｔ９目羊,神,,历组/𠂤历,小学堂,历组,①小学堂:歷組
T9,34273,34273,燎Ｔ９河,神,,历组/𠂤历,合集区段,历组,合集区段
T9,34274,34274,丁巳貞庚申燎于Ｔ９二小大牢,神,,历组/𠂤历,合集区段,历组,合集区段
T9,34275.2,34275,于Ｔ９父燎雨,神,,历组/𠂤历,合集区段,历组,合集区段
T9,34275.3,34275,戌卜燎于Ｔ９雨,神,,历组/𠂤历,合集区段,历组,合集区段
T9,34276.1,34276,己未貞燎于Ｔ９十豕,神,,历组/𠂤历,小学堂,历组,①小学堂:歷組
T9,34276.2,34276,午燎Ｔ９,神,,历组/𠂤历,小学堂,历组,①小学堂:歷組
T9,34277.1,34277,Ｔ９燎小卯牢,神,,历组/𠂤历,合集区段,历组,合集区段
T9,34280.2,34280,戊申貞Ｔ９,神,,历组/𠂤历,合集区段,历组,合集区段
T9,34281.2,34281,Ｔ９,神,,历组/𠂤历,合集区段,历组,合集区段
T9,34282,34282,雨于Ｔ９（？）,神,,历组/𠂤历,合集区段,历组,合集区段
T9,34337.3,34337,甲辰卜侑Ｔ９,神,,历组/𠂤历,合集区段,历组,合集区段
T9,34711.6,34711,辛巳卜尋乇于Ｔ９,神,,历组/𠂤历,合集区段,历组,合集区段
T9,39873.2,39873,貞燎于Ｔ９　小告,神,,"第13册(补遗,未分)",合集区段,第13册(未分),合集区段
T9,40111.2,40111,年于Ｔ９,神,,"第13册(补遗,未分)",合集区段,第13册(未分),合集区段
T9,40438.1,40438,燎Ｔ９,神,,"第13册(补遗,未分)",合集区段,第13册(未分),合集区段
T9,40438.3,40438,燎于Ｔ９,神,,"第13册(补遗,未分)",合集区段,第13册(未分),合集区段
T9,40438.4,40438,勿燎于Ｔ９,神,,"第13册(补遗,未分)",合集区段,第13册(未分),合集区段
T9,40439,40439,于Ｔ９,神,,"第13册(补遗,未分)",合集区段,第13册(未分),合集区段
T9,41538.4,41538,甲戌貞禾于Ｔ９,神,,"第13册(补遗,未分)",合集区段,第13册(未分),合集区段
T9,41660.3,41660,丙寅貞侑于Ｔ９燎小卯牛一,神,,"第13册(补遗,未分)",合集区段,第13册(未分),合集区段
T9,41660.4,41660,Ｔ９三牢,神,,"第13册(补遗,未分)",合集区段,第13册(未分),合集区段
T9,445,445,貞翌甲寅有羌于Ｔ９,神,,宾组,合集区段,宾组,合集区段
T9,8329.6,8329,己巳卜貞燎于Ｔ９,神,,宾组,小学堂,宾组,①小学堂:賓組
G282,4479.1,4479,壬辰卜惟Ｇ２８２令,单列,,宾组,合集区段,宾组,合集区段
G282,4480.1,4480,庚寅卜Ｇ２８２令Ｔ５４,单列,,宾组,合集区段,宾组,合集区段
