god,kind,lines,plates,L_宾组,P_宾组,L_𠂤组,P_𠂤组,L_子组/非王,P_子组/非王,L_一期附(未分),P_一期附(未分),L_出组,P_出组,L_何/无名,P_何/无名,L_历组/𠂤历,P_历组/𠂤历,L_黄组,P_黄组,"L_第13册(补遗,未分)","P_第13册(补遗,未分)"
河,神名,362,320,195,176,7,6,1,1,6,6,4,4,34,31,85,68,0,0,30,28
河,未核,167,141,125,104,1,1,0,0,1,1,4,4,9,8,14,12,0,0,13,11
岳,神名,267,229,128,117,2,2,2,2,3,2,1,1,25,23,90,67,0,0,16,15
岳,未核,136,111,98,85,0,0,0,0,2,1,1,1,6,6,24,13,0,0,5,5
夒,神名,45,45,16,16,1,1,0,0,0,0,3,3,11,11,13,13,0,0,1,1
夒,未核,21,20,11,10,0,0,0,0,0,0,5,5,1,1,0,0,0,0,4,4
土,神名,64,57,23,20,1,1,0,0,7,6,0,0,9,9,23,20,0,0,1,1
土,未核,156,148,84,82,5,5,5,4,9,9,7,7,20,18,19,16,2,2,5,5
T9,神名,103,85,54,48,2,1,1,1,0,0,0,0,2,2,35,27,0,0,9,6
T9,未核,0,0,0,0,0,0,0,0,0,0,0,0,0,0,0,0,0,0,0,0
G282,神名,2,2,2,2,0,0,0,0,0,0,0,0,0,0,0,0,0,0,0,0
G282,未核,0,0,0,0,0,0,0,0,0,0,0,0,0,0,0,0,0,0,0,0
