obc_class_id,n_samples,serial_min,serial_max,n_serials,"hust_appendix_k(≈附录号,书号约在k..k+20)"
X/1,2,7091,7091,1,1
X/337,1,7092,7092,1,2
X/448,1,7093,7093,1,3
X/559,4,7094,7094,1,4
X/670,4,7095,7095,1,5
X/781,1,7096,7096,1,6
X/892,2,7097,7097,1,7
X/1003,7,7098,7099,2,8
X/1114,2,7100,7100,1,9
X/2,2,7101,7101,1,10
X/113,10,7102,7104,3,11
X/224,1,7105,7105,1,12
X/260,4,7106,7106,1,13
X/271,2,7107,7107,1,14
X/282,1,7108,7108,1,15
X/293,1,7109,7109,1,16
X/304,1,7110,7110,1,17
X/315,7,7111,7112,2,18
X/326,1,7113,7113,1,19
X/338,7,7114,7115,2,20
X/349,1,7116,7116,1,21
X/360,1,7117,7117,1,22
X/371,1,7118,7118,1,23
X/382,1,7119,7119,1,24
X/393,1,7120,7120,1,25
X/404,2,7121,7121,1,26
X/415,1,7122,7122,1,27
X/426,2,7123,7123,1,28
X/437,1,7124,7124,1,29
X/449,1,7125,7125,1,30
X/460,1,7126,7126,1,31
X/471,1,7127,7127,1,32
X/482,1,7128,7128,1,33
X/493,1,7129,7129,1,34
X/504,1,7130,7130,1,35
X/515,1,7131,7131,1,36
X/526,1,7132,7132,1,37
X/537,1,7133,7133,1,38
X/548,2,7134,7134,1,39
X/560,2,7135,7135,1,40
X/571,1,7136,7136,1,41
X/582,1,7137,7137,1,42
X/593,1,7138,7138,1,43
X/604,1,7139,7139,1,44
X/615,2,7140,7140,1,45
X/626,1,7141,7141,1,46
X/637,1,7142,7142,1,47
X/648,1,7143,7143,1,48
X/659,1,7144,7144,1,49
X/671,1,7145,7145,1,50
X/682,1,7146,7146,1,51
X/693,1,7147,7147,1,52
X/704,1,7148,7148,1,53
X/715,1,7149,7149,1,54
X/726,2,7150,7150,1,55
X/737,1,7151,7151,1,56
X/748,1,7152,7152,1,57
X/759,1,7153,7153,1,58
X/770,1,7154,7154,1,59
X/782,1,7155,7155,1,60
X/793,1,7156,7156,1,61
X/804,1,7157,7157,1,62
X/815,1,7158,7158,1,63
X/826,1,7159,7159,1,64
X/837,1,7160,7160,1,65
X/848,1,7161,7161,1,66
X/859,1,7162,7162,1,67
X/870,1,7163,7163,1,68
X/881,1,7164,7164,1,69
X/893,1,7165,7165,1,70
X/904,1,7166,7166,1,71
X/915,1,7167,7167,1,72
X/926,1,7168,7168,1,73
X/937,1,7169,7169,1,74
X/948,1,7170,7170,1,75
X/959,1,7171,7171,1,76
X/970,2,7172,7172,1,77
X/981,1,7173,7173,1,78
X/992,1,7174,7174,1,79
X/1004,1,7175,7175,1,80
X/1015,1,7176,7176,1,81
X/1026,1,7177,7177,1,82
X/1037,1,7178,7178,1,83
X/1048,5,7179,7180,2,84
X/1059,3,7181,7181,1,85
X/1070,5,7182,7183,2,86
X/1081,1,7184,7184,1,87
X/1092,1,7185,7185,1,88
X/1103,7,7186,7187,2,89
X/1115,1,7188,7188,1,90
X/1126,4,7189,7189,1,91
X/1137,1,7190,7190,1,92
X/1148,13,7191,7194,4,93
X/1159,4,7195,7195,1,94
X/1170,2,7196,7196,1,95
X/1181,5,7197,7198,2,96
X/1192,1,7199,7199,1,97
X/1203,1,7200,7200,1,98
X/1214,1,7201,7201,1,99
X/3,1,7202,7202,1,100
X/14,1,7203,7203,1,101
X/25,1,7204,7204,1,102
X/36,1,7205,7205,1,103
X/47,1,7206,7206,1,104
X/58,1,7207,7207,1,105
X/69,4,7208,7208,1,106
X/80,3,7209,7209,1,107
X/91,1,7210,7210,1,108
X/102,1,7211,7211,1,109
X/114,1,7212,7212,1,110
X/125,1,7213,7213,1,111
X/136,2,7214,7214,1,112
X/147,4,7215,7215,1,113
X/158,1,7216,7216,1,114
X/169,2,7217,7217,1,115
X/180,1,7218,7218,1,116
X/191,1,7219,7219,1,117
X/202,1,7220,7220,1,118
X/213,1,7221,7221,1,119
X/225,6,7222,7223,2,120
X/236,4,7224,7224,1,121
X/247,1,7225,7225,1,122
X/253,1,7226,7226,1,123
X/254,1,7227,7227,1,124
X/255,2,7228,7228,1,125
X/256,1,7229,7229,1,126
X/257,1,7230,7230,1,127
X/258,1,7231,7231,1,128
X/259,1,7232,7232,1,129
X/261,1,7233,7233,1,130
X/262,1,7234,7234,1,131
X/263,2,7235,7235,1,132
X/264,9,7236,7238,3,133
X/265,1,7239,7239,1,134
X/266,1,7240,7240,1,135
X/267,3,7241,7241,1,136
X/268,1,7242,7242,1,137
X/269,1,7243,7243,1,138
X/270,1,7244,7244,1,139
X/272,1,7245,7245,1,140
X/273,2,7246,7246,1,141
X/274,4,7247,7247,1,142
X/275,2,7248,7248,1,143
X/276,16,7249,7252,4,144
X/277,1,7253,7253,1,145
X/278,17,7254,7258,5,146
X/279,1,7259,7259,1,147
X/280,1,7260,7260,1,148
X/281,1,7261,7261,1,149
X/283,1,7262,7262,1,150
X/284,2,7263,7263,1,151
X/285,2,7264,7264,1,152
X/286,1,7265,7265,1,153
X/287,1,7266,7266,1,154
X/288,1,7267,7267,1,155
X/289,1,7268,7268,1,156
X/290,1,7269,7269,1,157
X/291,1,7270,7270,1,158
X/292,1,7271,7271,1,159
X/294,1,7272,7272,1,160
X/295,1,7273,7273,1,161
X/296,1,7274,7274,1,162
X/297,25,7275,7281,7,163
X/298,1,7282,7282,1,164
X/299,9,7283,7285,3,165
X/300,1,7286,7286,1,166
X/301,1,7287,7287,1,167
X/302,1,7288,7288,1,168
X/303,3,7289,7289,1,169
X/305,3,7290,7290,1,170
X/306,1,7291,7291,1,171
X/307,1,7292,7292,1,172
X/308,2,7293,7293,1,173
X/309,2,7294,7294,1,174
X/310,4,7295,7295,1,175
X/311,1,7296,7296,1,176
X/312,1,7297,7297,1,177
X/313,1,7298,7298,1,178
X/314,2,7299,7299,1,179
X/316,1,7300,7300,1,180
X/317,1,7301,7301,1,181
X/318,1,7302,7302,1,182
X/319,5,7303,7304,2,183
X/320,1,7305,7305,1,184
X/321,2,7306,7306,1,185
X/322,1,7307,7307,1,186
X/323,1,7308,7308,1,187
X/324,1,7309,7309,1,188
X/325,1,7310,7310,1,189
X/327,1,7311,7311,1,190
X/328,1,7312,7312,1,191
X/329,1,7313,7313,1,192
X/330,1,7314,7314,1,193
X/331,1,7315,7315,1,194
X/332,1,7316,7316,1,195
X/333,3,7317,7317,1,196
X/334,4,7318,7318,1,197
X/335,1,7319,7319,1,198
X/336,1,7320,7320,1,199
X/339,1,7321,7321,1,200
X/340,1,7322,7322,1,201
X/341,1,7323,7323,1,202
X/342,2,7324,7324,1,203
X/343,1,7325,7325,1,204
X/344,1,7326,7326,1,205
X/345,4,7327,7327,1,206
X/346,6,7328,7329,2,207
X/347,1,7330,7330,1,208
X/348,1,7331,7331,1,209
X/350,1,7332,7332,1,210
X/351,5,7333,7334,2,211
X/352,2,7335,7335,1,212
X/353,1,7336,7336,1,213
X/354,1,7337,7337,1,214
X/355,1,7338,7338,1,215
X/356,1,7339,7339,1,216
X/357,1,7340,7340,1,217
X/358,8,7341,7342,2,218
X/359,1,7343,7343,1,219
X/361,1,7344,7344,1,220
X/362,1,7345,7345,1,221
X/363,1,7346,7346,1,222
X/364,6,7347,7348,2,223
X/365,8,7349,7350,2,224
X/366,1,7351,7351,1,225
X/367,1,7352,7352,1,226
X/368,2,7353,7353,1,227
X/369,1,7354,7354,1,228
X/370,2,7355,7355,1,229
X/372,1,7356,7356,1,230
X/373,1,7357,7357,1,231
X/374,1,7358,7358,1,232
X/375,1,7359,7359,1,233
X/376,1,7360,7360,1,234
X/377,1,7361,7361,1,235
X/378,1,7362,7362,1,236
X/379,1,7363,7363,1,237
X/380,1,7364,7364,1,238
X/381,2,7365,7365,1,239
X/383,1,7366,7366,1,240
X/384,1,7367,7367,1,241
X/385,1,7368,7368,1,242
X/386,1,7369,7369,1,243
X/387,1,7370,7370,1,244
X/388,1,7371,7371,1,245
X/389,1,7372,7372,1,246
X/390,2,7373,7373,1,247
X/391,12,7374,7376,3,248
X/392,3,7377,7377,1,249
X/394,2,7378,7378,1,250
X/395,11,7379,7381,3,251
X/396,1,7382,7382,1,252
X/397,1,7383,7383,1,253
X/398,1,7384,7384,1,254
X/399,1,7385,7385,1,255
X/400,1,7386,7386,1,256
X/401,1,7387,7387,1,257
X/402,1,7388,7388,1,258
X/403,1,7389,7389,1,259
X/405,1,7390,7390,1,260
X/406,1,7391,7391,1,261
X/407,1,7392,7392,1,262
X/408,2,7393,7393,1,263
X/409,2,7394,7394,1,264
X/410,1,7395,7395,1,265
X/411,2,7396,7396,1,266
X/412,2,7397,7397,1,267
X/413,1,7398,7398,1,268
X/414,1,7399,7399,1,269
X/416,1,7400,7400,1,270
X/417,1,7401,7401,1,271
X/418,1,7402,7402,1,272
X/419,1,7403,7403,1,273
X/420,1,7404,7404,1,274
X/421,1,7405,7405,1,275
X/422,1,7406,7406,1,276
X/423,1,7407,7407,1,277
X/424,1,7408,7408,1,278
X/425,1,7409,7409,1,279
X/427,3,7410,7410,1,280
X/428,3,7411,7411,1,281
X/429,1,7412,7412,1,282
X/430,1,7413,7413,1,283
X/431,1,7414,7414,1,284
X/432,1,7415,7415,1,285
X/433,1,7416,7416,1,286
X/434,1,7417,7417,1,287
X/435,2,7418,7418,1,288
X/436,3,7419,7419,1,289
X/438,1,7420,7420,1,290
X/439,1,7421,7421,1,291
X/440,1,7422,7422,1,292
X/441,1,7423,7423,1,293
X/442,1,7424,7424,1,294
X/443,1,7425,7425,1,295
X/444,1,7426,7426,1,296
X/445,1,7427,7427,1,297
X/446,2,7428,7428,1,298
X/447,4,7429,7429,1,299
X/450,1,7430,7430,1,300
X/451,1,7431,7431,1,301
X/452,1,7432,7432,1,302
X/453,1,7433,7433,1,303
X/454,3,7434,7434,1,304
X/455,1,7435,7435,1,305
X/456,2,7436,7436,1,306
X/457,2,7437,7437,1,307
X/458,1,7438,7438,1,308
X/459,1,7439,7439,1,309
X/461,14,7440,7443,4,310
X/462,10,7444,7446,3,311
X/463,5,7447,7448,2,312
X/464,1,7449,7449,1,313
X/465,1,7450,7450,1,314
X/466,1,7451,7451,1,315
X/467,1,7452,7452,1,316
X/468,1,7453,7453,1,317
X/469,1,7454,7454,1,318
X/470,1,7455,7455,1,319
X/472,2,7456,7456,1,320
X/473,8,7457,7458,2,321
X/474,1,7459,7459,1,322
X/475,1,7460,7460,1,323
X/476,1,7461,7461,1,324
X/477,1,7462,7462,1,325
X/478,1,7463,7463,1,326
X/479,1,7464,7464,1,327
X/480,1,7465,7465,1,328
X/481,1,7466,7466,1,329
X/483,3,7467,7467,1,330
X/484,1,7468,7468,1,331
X/485,2,7469,7469,1,332
X/486,1,7470,7470,1,333
X/487,1,7471,7471,1,334
X/488,2,7472,7472,1,335
X/489,1,7473,7473,1,336
X/490,1,7474,7474,1,337
X/491,1,7475,7475,1,338
X/492,1,7476,7476,1,339
X/494,1,7477,7477,1,340
X/495,1,7478,7478,1,341
X/496,1,7479,7479,1,342
X/497,1,7480,7480,1,343
X/498,2,7481,7481,1,344
X/499,1,7482,7482,1,345
X/500,1,7483,7483,1,346
X/501,1,7484,7484,1,347
X/502,1,7485,7485,1,348
X/503,1,7486,7486,1,349
X/505,1,7487,7487,1,350
X/506,1,7488,7488,1,351
X/507,1,7489,7489,1,352
X/508,1,7490,7490,1,353
X/509,2,7491,7491,1,354
X/510,2,7492,7492,1,355
X/511,2,7493,7493,1,356
X/512,1,7494,7494,1,357
X/513,1,7495,7495,1,358
X/514,1,7496,7496,1,359
X/516,1,7497,7497,1,360
X/517,1,7498,7498,1,361
X/518,1,7499,7499,1,362
X/519,1,7500,7500,1,363
X/520,1,7501,7501,1,364
X/521,1,7502,7502,1,365
X/522,1,7503,7503,1,366
X/523,3,7504,7504,1,367
X/524,1,7505,7505,1,368
X/525,1,7506,7506,1,369
X/527,1,7507,7507,1,370
X/528,1,7508,7508,1,371
X/529,1,7509,7509,1,372
X/530,1,7510,7510,1,373
X/531,1,7511,7511,1,374
X/532,1,7512,7512,1,375
X/533,1,7513,7513,1,376
X/534,1,7514,7514,1,377
X/535,1,7515,7515,1,378
X/536,5,7516,7517,2,379
X/538,1,7518,7518,1,380
X/539,1,7519,7519,1,381
X/540,1,7520,7520,1,382
X/541,1,7521,7521,1,383
X/542,2,7522,7522,1,384
X/543,1,7523,7523,1,385
X/544,1,7524,7524,1,386
X/545,1,7525,7525,1,387
X/546,1,7526,7526,1,388
X/547,1,7527,7527,1,389
X/549,1,7528,7528,1,390
X/550,1,7529,7529,1,391
X/551,1,7530,7530,1,392
X/552,1,7531,7531,1,393
X/553,2,7532,7532,1,394
X/554,1,7533,7533,1,395
X/555,1,7534,7534,1,396
X/556,1,7535,7535,1,397
X/557,1,7536,7536,1,398
X/558,1,7537,7537,1,399
X/561,1,7538,7538,1,400
X/562,1,7539,7539,1,401
X/563,2,7540,7540,1,402
X/564,1,7541,7541,1,403
X/565,1,7542,7542,1,404
X/566,1,7543,7543,1,405
X/567,1,7544,7544,1,406
X/568,1,7545,7545,1,407
X/569,1,7546,7546,1,408
X/570,1,7547,7547,1,409
X/572,1,7548,7548,1,410
X/573,1,7549,7549,1,411
X/574,1,7550,7550,1,412
X/575,1,7551,7551,1,413
X/576,1,7552,7552,1,414
X/577,4,7553,7553,1,415
X/578,1,7554,7554,1,416
X/579,1,7555,7555,1,417
X/580,1,7556,7556,1,418
X/581,1,7557,7557,1,419
X/583,1,7558,7558,1,420
X/584,3,7559,7559,1,421
X/585,1,7560,7560,1,422
X/586,1,7561,7561,1,423
X/587,1,7562,7562,1,424
X/588,1,7563,7563,1,425
X/589,1,7564,7564,1,426
X/590,1,7565,7565,1,427
X/591,1,7566,7566,1,428
X/592,2,7567,7567,1,429
X/594,1,7568,7568,1,430
X/595,1,7569,7569,1,431
X/596,1,7570,7570,1,432
X/597,1,7571,7571,1,433
X/598,1,7572,7572,1,434
X/599,1,7573,7573,1,435
X/600,1,7574,7574,1,436
X/601,2,7575,7575,1,437
X/602,1,7576,7576,1,438
X/603,1,7577,7577,1,439
X/605,1,7578,7578,1,440
X/606,1,7579,7579,1,441
X/607,1,7580,7580,1,442
X/608,1,7581,7581,1,443
X/609,1,7582,7582,1,444
X/610,1,7583,7583,1,445
X/611,1,7584,7584,1,446
X/612,1,7585,7585,1,447
X/613,1,7586,7586,1,448
X/614,1,7587,7587,1,449
X/616,1,7588,7588,1,450
X/617,1,7589,7589,1,451
X/618,1,7590,7590,1,452
X/619,3,7591,7591,1,453
X/620,1,7592,7592,1,454
X/621,1,7593,7593,1,455
X/622,1,7594,7594,1,456
X/623,1,7595,7595,1,457
X/624,1,7596,7596,1,458
X/625,1,7597,7597,1,459
X/627,1,7598,7598,1,460
X/628,1,7599,7599,1,461
X/629,1,7600,7600,1,462
X/630,4,7601,7601,1,463
X/631,1,7602,7602,1,464
X/632,3,7603,7603,1,465
X/633,2,7604,7604,1,466
X/634,1,7605,7605,1,467
X/635,1,7606,7606,1,468
X/636,1,7607,7607,1,469
X/638,1,7608,7608,1,470
X/639,2,7609,7609,1,471
X/640,1,7610,7610,1,472
X/641,2,7611,7611,1,473
X/642,1,7612,7612,1,474
X/643,1,7613,7613,1,475
X/644,1,7614,7614,1,476
X/645,1,7615,7615,1,477
X/646,1,7616,7616,1,478
X/647,1,7617,7617,1,479
X/649,1,7618,7618,1,480
X/650,1,7619,7619,1,481
X/651,1,7620,7620,1,482
X/652,1,7621,7621,1,483
X/653,1,7622,7622,1,484
X/654,1,7623,7623,1,485
X/655,1,7624,7624,1,486
X/656,2,7625,7625,1,487
X/657,1,7626,7626,1,488
X/658,1,7627,7627,1,489
X/660,2,7628,7628,1,490
X/661,1,7629,7629,1,491
X/662,1,7630,7630,1,492
X/663,1,7631,7631,1,493
X/664,1,7632,7632,1,494
X/665,1,7633,7633,1,495
X/666,4,7634,7634,1,496
X/667,1,7635,7635,1,497
X/668,1,7636,7636,1,498
X/669,1,7637,7637,1,499
X/672,1,7638,7638,1,500
X/673,1,7639,7639,1,501
X/674,1,7640,7640,1,502
X/675,1,7641,7641,1,503
X/676,5,7642,7643,2,504
X/677,1,7644,7644,1,505
X/678,1,7645,7645,1,506
X/679,6,7646,7647,2,507
X/680,1,7648,7648,1,508
X/681,1,7649,7649,1,509
X/683,2,7650,7650,1,510
X/684,4,7651,7651,1,511
X/685,1,7652,7652,1,512
X/686,1,7653,7653,1,513
X/687,1,7654,7654,1,514
X/688,1,7655,7655,1,515
X/689,1,7656,7656,1,516
X/690,15,7657,7660,4,517
X/691,1,7661,7661,1,518
X/692,1,7662,7662,1,519
X/694,2,7663,7663,1,520
X/695,1,7664,7664,1,521
X/696,1,7665,7665,1,522
X/697,1,7666,7666,1,523
X/698,1,7667,7667,1,524
X/699,1,7668,7668,1,525
X/700,1,7669,7669,1,526
X/701,1,7670,7670,1,527
X/702,1,7671,7671,1,528
X/703,1,7672,7672,1,529
X/705,1,7673,7673,1,530
X/706,1,7674,7674,1,531
X/707,1,7675,7675,1,532
X/708,1,7676,7676,1,533
X/709,1,7677,7677,1,534
X/710,1,7678,7678,1,535
X/711,1,7679,7679,1,536
X/712,1,7680,7680,1,537
X/713,2,7681,7681,1,538
X/714,1,7682,7682,1,539
X/716,2,7683,7683,1,540
X/717,1,7684,7684,1,541
X/718,4,7685,7685,1,542
X/719,1,7686,7686,1,543
X/720,1,7687,7687,1,544
X/721,1,7688,7688,1,545
X/722,1,7689,7689,1,546
X/723,1,7690,7690,1,547
X/724,3,7691,7691,1,548
X/725,1,7692,7692,1,549
X/727,3,7693,7693,1,550
X/728,1,7694,7694,1,551
X/729,1,7695,7695,1,552
X/730,1,7696,7696,1,553
X/731,1,7697,7697,1,554
X/732,1,7698,7698,1,555
X/733,1,7699,7699,1,556
X/734,1,7700,7700,1,557
X/735,2,7701,7701,1,558
X/736,1,7702,7702,1,559
X/738,1,7703,7703,1,560
X/739,2,7704,7704,1,561
X/740,1,7705,7705,1,562
X/741,1,7706,7706,1,563
X/742,1,7707,7707,1,564
X/743,1,7708,7708,1,565
X/744,1,7709,7709,1,566
X/745,1,7710,7710,1,567
X/746,1,7711,7711,1,568
X/747,1,7712,7712,1,569
X/749,1,7713,7713,1,570
X/750,1,7714,7714,1,571
X/751,1,7715,7715,1,572
X/752,2,7716,7716,1,573
X/753,1,7717,7717,1,574
X/754,3,7718,7718,1,575
X/755,1,7719,7719,1,576
X/756,1,7720,7720,1,577
X/757,1,7721,7721,1,578
X/758,1,7722,7722,1,579
X/760,1,7723,7723,1,580
X/761,1,7724,7724,1,581
X/762,1,7725,7725,1,582
X/763,1,7726,7726,1,583
X/764,1,7727,7727,1,584
X/765,1,7728,7728,1,585
X/766,1,7729,7729,1,586
X/767,1,7730,7730,1,587
X/768,1,7731,7731,1,588
X/769,1,7732,7732,1,589
X/771,1,7733,7733,1,590
X/772,1,7734,7734,1,591
X/773,10,7735,7737,3,592
X/774,6,7738,7739,2,593
X/775,2,7740,7740,1,594
X/776,1,7741,7741,1,595
X/777,4,7742,7742,1,596
X/778,1,7743,7743,1,597
X/779,1,7744,7744,1,598
X/780,1,7745,7745,1,599
X/783,2,7746,7746,1,600
X/784,1,7747,7747,1,601
X/785,1,7748,7748,1,602
X/786,1,7749,7749,1,603
X/787,1,7750,7750,1,604
X/788,1,7751,7751,1,605
X/789,1,7752,7752,1,606
X/790,1,7753,7753,1,607
X/791,1,7754,7754,1,608
X/792,1,7755,7755,1,609
X/794,1,7756,7756,1,610
X/795,1,7757,7757,1,611
X/796,1,7758,7758,1,612
X/797,1,7759,7759,1,613
X/798,3,7760,7760,1,614
X/799,1,7761,7761,1,615
X/800,10,7762,7764,3,616
X/801,1,7765,7765,1,617
X/802,2,7766,7766,1,618
X/803,1,7767,7767,1,619
X/805,1,7768,7768,1,620
X/806,1,7769,7769,1,621
X/807,1,7770,7770,1,622
X/808,1,7771,7771,1,623
X/809,1,7772,7772,1,624
X/810,1,7773,7773,1,625
X/811,1,7774,7774,1,626
X/812,1,7775,7775,1,627
X/813,1,7776,7776,1,628
X/814,1,7777,7777,1,629
X/816,1,7778,7778,1,630
X/817,1,7779,7779,1,631
X/818,2,7780,7780,1,632
X/819,1,7781,7781,1,633
X/820,2,7782,7782,1,634
X/821,1,7783,7783,1,635
X/822,1,7784,7784,1,636
X/823,1,7785,7785,1,637
X/824,1,7786,7786,1,638
X/825,1,7787,7787,1,639
X/827,1,7788,7788,1,640
X/828,2,7789,7789,1,641
X/829,1,7790,7790,1,642
X/830,1,7791,7791,1,643
X/831,2,7792,7792,1,644
X/832,3,7793,7793,1,645
X/833,10,7794,7796,3,646
X/834,1,7797,7797,1,647
X/835,2,7798,7798,1,648
X/836,1,7799,7799,1,649
X/838,4,7800,7800,1,650
X/839,9,7801,7803,3,651
X/840,1,7804,7804,1,652
X/841,1,7805,7805,1,653
X/842,1,7806,7806,1,654
X/843,1,7807,7807,1,655
X/844,2,7808,7808,1,656
X/845,1,7809,7809,1,657
X/846,1,7810,7810,1,658
X/847,1,7811,7811,1,659
X/849,9,7812,7814,3,660
X/850,2,7815,7815,1,661
X/851,2,7816,7816,1,662
X/852,2,7817,7817,1,663
X/853,2,7818,7818,1,664
X/854,1,7819,7819,1,665
X/855,3,7820,7820,1,666
X/856,2,7821,7821,1,667
X/857,10,7822,7824,3,668
X/858,1,7825,7825,1,669
X/860,2,7826,7826,1,670
X/861,2,7827,7827,1,671
X/862,2,7828,7828,1,672
X/863,1,7829,7829,1,673
X/864,1,7830,7830,1,674
X/865,6,7831,7832,2,675
X/866,1,7833,7833,1,676
X/867,2,7834,7834,1,677
X/868,1,7835,7835,1,678
X/869,1,7836,7836,1,679
X/871,1,7837,7837,1,680
X/872,1,7838,7838,1,681
X/873,1,7839,7839,1,682
X/874,1,7840,7840,1,683
X/875,2,7841,7841,1,684
X/876,1,7842,7842,1,685
X/877,4,7843,7843,1,686
X/878,1,7844,7844,1,687
X/879,1,7845,7845,1,688
X/880,1,7846,7846,1,689
X/882,1,7847,7847,1,690
X/883,1,7848,7848,1,691
X/884,1,7849,7849,1,692
X/885,1,7850,7850,1,693
X/886,1,7851,7851,1,694
X/887,1,7852,7852,1,695
X/888,1,7853,7853,1,696
X/889,1,7854,7854,1,697
X/890,1,7855,7855,1,698
X/891,1,7856,7856,1,699
X/894,1,7857,7857,1,700
X/895,1,7858,7858,1,701
X/896,1,7859,7859,1,702
X/897,1,7860,7860,1,703
X/898,1,7861,7861,1,704
X/899,2,7862,7862,1,705
X/900,1,7863,7863,1,706
X/901,5,7864,7865,2,707
X/902,4,7866,7866,1,708
X/903,1,7867,7867,1,709
X/905,1,7868,7868,1,710
X/906,1,7869,7869,1,711
X/907,1,7870,7870,1,712
X/908,1,7871,7871,1,713
X/909,4,7872,7872,1,714
X/910,1,7873,7873,1,715
X/911,3,7874,7874,1,716
X/912,1,7875,7875,1,717
X/913,1,7876,7876,1,718
X/914,2,7877,7877,1,719
X/916,1,7878,7878,1,720
X/917,1,7879,7879,1,721
X/918,1,7880,7880,1,722
X/919,1,7881,7881,1,723
X/920,1,7882,7882,1,724
X/921,1,7883,7883,1,725
X/922,1,7884,7884,1,726
X/923,1,7885,7885,1,727
X/924,1,7886,7886,1,728
X/925,1,7887,7887,1,729
X/927,1,7888,7888,1,730
X/928,1,7889,7889,1,731
X/929,1,7890,7890,1,732
X/930,1,7891,7891,1,733
X/931,1,7892,7892,1,734
X/932,1,7893,7893,1,735
X/933,1,7894,7894,1,736
X/934,1,7895,7895,1,737
X/935,1,7896,7896,1,738
X/936,1,7897,7897,1,739
X/938,1,7898,7898,1,740
X/939,5,7899,7900,2,741
X/940,1,7901,7901,1,742
X/941,1,7902,7902,1,743
X/942,3,7903,7903,1,744
X/943,1,7904,7904,1,745
X/944,5,7905,7906,2,746
X/945,1,7907,7907,1,747
X/946,1,7908,7908,1,748
X/947,3,7909,7909,1,749
X/949,4,7910,7910,1,750
X/950,1,7911,7911,1,751
X/951,1,7912,7912,1,752
X/952,1,7913,7913,1,753
X/953,2,7914,7914,1,754
X/954,1,7915,7915,1,755
X/955,1,7916,7916,1,756
X/956,18,7917,7921,5,757
X/957,2,7922,7922,1,758
X/958,2,7923,7923,1,759
X/960,1,7924,7924,1,760
X/961,6,7925,7926,2,761
X/962,1,7927,7927,1,762
X/963,1,7928,7928,1,763
X/964,1,7929,7929,1,764
X/965,1,7930,7930,1,765
X/966,2,7931,7931,1,766
X/967,1,7932,7932,1,767
X/968,2,7933,7933,1,768
X/969,3,7934,7934,1,769
X/971,1,7935,7935,1,770
X/972,1,7936,7936,1,771
X/973,1,7937,7937,1,772
X/974,1,7938,7938,1,773
X/975,1,7939,7939,1,774
X/976,1,7940,7940,1,775
X/977,1,7941,7941,1,776
X/978,3,7942,7942,1,777
X/979,1,7943,7943,1,778
X/980,1,7944,7944,1,779
X/982,1,7945,7945,1,780
X/983,1,7946,7946,1,781
X/984,1,7947,7947,1,782
X/985,2,7948,7948,1,783
X/986,1,7949,7949,1,784
X/987,1,7950,7950,1,785
X/988,1,7951,7951,1,786
X/989,7,7952,7953,2,787
X/990,4,7954,7954,1,788
X/991,1,7955,7955,1,789
X/993,1,7956,7956,1,790
X/994,1,7957,7957,1,791
X/995,2,7958,7958,1,792
X/996,1,7959,7959,1,793
X/997,2,7960,7960,1,794
X/998,1,7961,7961,1,795
X/999,4,7962,7962,1,796
X/1000,1,7963,7963,1,797
X/1001,1,7964,7964,1,798
X/1002,1,7965,7965,1,799
X/1005,1,7966,7966,1,800
X/1006,1,7967,7967,1,801
X/1007,1,7968,7968,1,802
X/1008,13,7969,7972,4,803
X/1009,1,7973,7973,1,804
X/1010,1,7974,7974,1,805
X/1011,1,7975,7975,1,806
X/1012,1,7976,7976,1,807
X/1013,2,7977,7977,1,808
X/1014,2,7978,7978,1,809
X/1016,1,7979,7979,1,810
X/1017,1,7980,7980,1,811
X/1018,1,7981,7981,1,812
X/1019,1,7982,7982,1,813
X/1020,1,7983,7983,1,814
X/1021,1,7984,7984,1,815
X/1022,2,7985,7985,1,816
X/1023,1,7986,7986,1,817
X/1024,1,7987,7987,1,818
X/1025,2,7988,7988,1,819
X/1027,1,7989,7989,1,820
X/1028,1,7990,7990,1,821
X/1029,1,7991,7991,1,822
X/1030,1,7992,7992,1,823
X/1031,1,7993,7993,1,824
X/1032,1,7994,7994,1,825
X/1033,1,7995,7995,1,826
X/1034,2,7996,7996,1,827
X/1035,1,7997,7997,1,828
X/1036,3,7998,7998,1,829
X/1038,1,7999,7999,1,830
X/1039,1,8000,8000,1,831
X/1040,1,8001,8001,1,832
X/1041,1,8002,8002,1,833
X/1042,1,8003,8003,1,834
X/1043,1,8004,8004,1,835
X/1044,2,8005,8005,1,836
X/1045,1,8006,8006,1,837
X/1046,1,8007,8007,1,838
X/1047,2,8008,8008,1,839
X/1049,1,8009,8009,1,840
X/1050,1,8010,8010,1,841
X/1051,1,8011,8011,1,842
X/1052,1,8012,8012,1,843
X/1053,2,8013,8013,1,844
X/1054,10,8014,8016,3,845
X/1055,1,8017,8017,1,846
X/1056,1,8018,8018,1,847
X/1057,7,8019,8020,2,848
X/1058,1,8021,8021,1,849
X/1060,1,8022,8022,1,850
X/1061,1,8023,8023,1,851
X/1062,1,8024,8024,1,852
X/1063,1,8025,8025,1,853
X/1064,1,8026,8026,1,854
X/1065,1,8027,8027,1,855
X/1066,4,8028,8028,1,856
X/1067,2,8029,8029,1,857
X/1068,1,8030,8030,1,858
X/1069,1,8031,8031,1,859
X/1071,1,8032,8032,1,860
X/1072,1,8033,8033,1,861
X/1073,1,8034,8034,1,862
X/1074,1,8035,8035,1,863
X/1075,1,8036,8036,1,864
X/1076,1,8037,8037,1,865
X/1077,1,8038,8038,1,866
X/1078,1,8039,8039,1,867
X/1079,1,8040,8040,1,868
X/1080,1,8041,8041,1,869
X/1082,1,8042,8042,1,870
X/1083,1,8043,8043,1,871
X/1084,1,8044,8044,1,872
X/1085,1,8045,8045,1,873
X/1086,1,8046,8046,1,874
X/1087,1,8047,8047,1,875
X/1088,2,8048,8048,1,876
X/1089,1,8049,8049,1,877
X/1090,1,8050,8050,1,878
X/1091,1,8051,8051,1,879
X/1093,2,8052,8052,1,880
X/1094,1,8053,8053,1,881
X/1095,1,8054,8054,1,882
X/1096,1,8055,8055,1,883
X/1097,1,8056,8056,1,884
X/1098,1,8057,8057,1,885
X/1099,1,8058,8058,1,886
X/1100,1,8059,8059,1,887
X/1101,1,8060,8060,1,888
X/1102,1,8061,8061,1,889
X/1104,1,8062,8062,1,890
X/1105,1,8063,8063,1,891
X/1106,1,8064,8064,1,892
X/1107,1,8065,8065,1,893
X/1108,1,8066,8066,1,894
X/1109,1,8067,8067,1,895
X/1110,1,8068,8068,1,896
X/1111,1,8069,8069,1,897
X/1112,1,8070,8070,1,898
X/1113,1,8071,8071,1,899
X/1116,1,8072,8072,1,900
X/1117,1,8073,8073,1,901
X/1118,1,8074,8074,1,902
X/1119,1,8075,8075,1,903
X/1120,1,8076,8076,1,904
X/1121,1,8077,8077,1,905
X/1122,1,8078,8078,1,906
X/1123,1,8079,8079,1,907
X/1124,1,8080,8080,1,908
X/1125,1,8081,8081,1,909
X/1127,1,8082,8082,1,910
X/1128,1,8083,8083,1,911
X/1129,1,8084,8084,1,912
X/1130,1,8085,8085,1,913
X/1131,1,8086,8086,1,914
X/1132,2,8087,8087,1,915
X/1133,2,8088,8088,1,916
X/1134,1,8089,8089,1,917
X/1135,1,8090,8090,1,918
X/1136,1,8091,8091,1,919
X/1138,1,8092,8092,1,920
X/1139,1,8093,8093,1,921
X/1140,1,8094,8094,1,922
X/1141,1,8095,8095,1,923
X/1142,1,8096,8096,1,924
X/1143,1,8097,8097,1,925
X/1144,1,8098,8098,1,926
X/1145,1,8099,8099,1,927
X/1146,1,8100,8100,1,928
X/1147,1,8101,8101,1,929
X/1149,1,8102,8102,1,930
X/1150,1,8103,8103,1,931
X/1151,1,8104,8104,1,932
X/1152,2,8105,8105,1,933
X/1153,9,8106,8108,3,934
X/1154,1,8109,8109,1,935
X/1155,2,8110,8110,1,936
X/1156,1,8111,8111,1,937
X/1157,1,8112,8112,1,938
X/1158,1,8113,8113,1,939
X/1160,1,8114,8114,1,940
X/1161,1,8115,8115,1,941
X/1162,3,8116,8116,1,942
X/1163,6,8117,8118,2,943
X/1164,2,8119,8119,1,944
X/1165,1,8120,8120,1,945
X/1166,2,8121,8121,1,946
X/1167,6,8122,8123,2,947
X/1168,1,8124,8124,1,948
X/1169,1,8125,8125,1,949
X/1171,4,8126,8126,1,950
X/1172,2,8127,8127,1,951
X/1173,2,8128,8128,1,952
X/1174,1,8129,8129,1,953
X/1175,1,8130,8130,1,954
X/1176,2,8131,8131,1,955
X/1177,1,8132,8132,1,956
X/1178,1,8133,8133,1,957
X/1179,1,8134,8134,1,958
X/1180,1,8135,8135,1,959
X/1182,1,8136,8136,1,960
X/1183,1,8137,8137,1,961
X/1184,1,8138,8138,1,962
X/1185,1,8139,8139,1,963
X/1186,1,8140,8140,1,964
X/1187,1,8141,8141,1,965
X/1188,1,8142,8142,1,966
X/1189,3,8143,8143,1,967
X/1190,8,8144,8145,2,968
X/1191,1,8146,8146,1,969
X/1193,1,8147,8147,1,970
X/1194,1,8148,8148,1,971
X/1195,9,8149,8151,3,972
X/1196,1,8152,8152,1,973
X/1197,1,8153,8153,1,974
X/1198,1,8154,8154,1,975
X/1199,1,8155,8155,1,976
X/1200,2,8156,8156,1,977
X/1201,1,8157,8157,1,978
X/1202,1,8158,8158,1,979
X/1204,1,8159,8159,1,980
X/1205,1,8160,8160,1,981
X/1206,2,8161,8161,1,982
X/1207,1,8162,8162,1,983
X/1208,1,8163,8163,1,984
X/1209,1,8164,8164,1,985
X/1210,2,8165,8165,1,986
X/1211,4,8166,8166,1,987
X/1212,20,8167,8171,5,988
X/1213,1,8172,8172,1,989
X/1215,2,8173,8173,1,990
X/1216,3,8174,8174,1,991
X/1217,1,8175,8175,1,992
X/1218,1,8176,8176,1,993
X/1219,1,8177,8177,1,994
X/1220,1,8178,8178,1,995
X/1221,1,8179,8179,1,996
X/1222,1,8180,8180,1,997
X/1223,3,8181,8181,1,998
X/1224,2,8182,8182,1,999
X/4,1,8183,8183,1,1000
X/5,1,8184,8184,1,1001
X/6,2,8185,8185,1,1002
X/7,1,8186,8186,1,1003
X/8,1,8187,8187,1,1004
X/9,7,8188,8189,2,1005
X/10,2,8190,8190,1,1006
X/11,1,8191,8191,1,1007
X/12,1,8192,8192,1,1008
X/13,1,8193,8193,1,1009
X/15,1,8194,8194,1,1010
X/16,1,8195,8195,1,1011
X/17,1,8196,8196,1,1012
X/18,3,8197,8197,1,1013
X/19,1,8198,8198,1,1014
X/20,1,8199,8199,1,1015
X/21,1,8200,8200,1,1016
X/22,1,8201,8201,1,1017
X/23,1,8202,8202,1,1018
X/24,1,8203,8203,1,1019
X/26,1,8204,8204,1,1020
X/27,1,8205,8205,1,1021
X/28,1,8206,8206,1,1022
X/29,1,8207,8207,1,1023
X/30,1,8208,8208,1,1024
X/31,1,8209,8209,1,1025
X/32,1,8210,8210,1,1026
X/33,1,8211,8211,1,1027
X/34,1,8212,8212,1,1028
X/35,6,8213,8214,2,1029
X/37,1,8215,8215,1,1030
X/38,1,8216,8216,1,1031
X/39,9,8217,8219,3,1032
X/40,1,8220,8220,1,1033
X/41,5,8221,8222,2,1034
X/42,2,8223,8223,1,1035
X/43,1,8224,8224,1,1036
X/44,1,8225,8225,1,1037
X/45,5,8226,8227,2,1038
X/46,1,8228,8228,1,1039
X/48,14,8229,8232,4,1040
X/49,1,8233,8233,1,1041
X/50,1,8234,8234,1,1042
X/51,1,8235,8235,1,1043
X/52,1,8236,8236,1,1044
X/53,1,8237,8237,1,1045
X/54,7,8238,8239,2,1046
X/55,5,8240,8241,2,1047
X/56,1,8242,8242,1,1048
X/57,1,8243,8243,1,1049
X/59,1,8244,8244,1,1050
X/60,1,8245,8245,1,1051
X/61,1,8246,8246,1,1052
X/62,1,8247,8247,1,1053
X/63,1,8248,8248,1,1054
X/64,1,8249,8249,1,1055
X/65,2,8250,8250,1,1056
X/66,1,8251,8251,1,1057
X/67,1,8252,8252,1,1058
X/68,1,8253,8253,1,1059
X/70,1,8254,8254,1,1060
X/71,1,8255,8255,1,1061
X/72,1,8256,8256,1,1062
X/73,1,8257,8257,1,1063
X/74,1,8258,8258,1,1064
X/75,1,8259,8259,1,1065
X/76,1,8260,8260,1,1066
X/77,1,8261,8261,1,1067
X/78,1,8262,8262,1,1068
X/79,1,8263,8263,1,1069
X/81,1,8264,8264,1,1070
X/82,8,8265,8266,2,1071
X/83,1,8267,8267,1,1072
X/84,1,8268,8268,1,1073
X/85,1,8269,8269,1,1074
X/86,1,8270,8270,1,1075
X/87,4,8271,8271,1,1076
X/88,2,8272,8272,1,1077
X/89,1,8273,8273,1,1078
X/90,1,8274,8274,1,1079
X/92,2,8275,8275,1,1080
X/93,1,8276,8276,1,1081
X/94,1,8277,8277,1,1082
X/95,1,8278,8278,1,1083
X/96,1,8279,8279,1,1084
X/97,1,8280,8280,1,1085
X/98,1,8281,8281,1,1086
X/99,4,8282,8282,1,1087
X/100,1,8283,8283,1,1088
X/101,4,8284,8284,1,1089
X/103,2,8285,8285,1,1090
X/104,1,8286,8286,1,1091
X/105,1,8287,8287,1,1092
X/106,1,8288,8288,1,1093
X/107,1,8289,8289,1,1094
X/108,1,8290,8290,1,1095
X/109,2,8291,8291,1,1096
X/110,1,8292,8292,1,1097
X/111,1,8293,8293,1,1098
X/112,1,8294,8294,1,1099
X/115,1,8295,8295,1,1100
X/116,2,8296,8296,1,1101
X/117,1,8297,8297,1,1102
X/118,1,8298,8298,1,1103
X/119,1,8299,8299,1,1104
X/120,1,8300,8300,1,1105
X/121,1,8301,8301,1,1106
X/122,1,8302,8302,1,1107
X/123,1,8303,8303,1,1108
X/124,1,8304,8304,1,1109
X/126,1,8305,8305,1,1110
X/127,1,8306,8306,1,1111
X/128,1,8307,8307,1,1112
X/129,1,8308,8308,1,1113
X/130,1,8309,8309,1,1114
X/131,1,8310,8310,1,1115
X/132,1,8311,8311,1,1116
X/133,1,8312,8312,1,1117
X/134,1,8313,8313,1,1118
X/135,1,8314,8314,1,1119
X/137,1,8315,8315,1,1120
X/138,1,8316,8316,1,1121
X/139,2,8317,8317,1,1122
X/140,1,8318,8318,1,1123
X/141,1,8319,8319,1,1124
X/142,1,8320,8320,1,1125
X/143,1,8321,8321,1,1126
X/144,1,8322,8322,1,1127
X/145,1,8323,8323,1,1128
X/146,1,8324,8324,1,1129
X/148,1,8325,8325,1,1130
X/149,1,8326,8326,1,1131
X/150,1,8327,8327,1,1132
X/151,1,8328,8328,1,1133
X/152,1,8329,8329,1,1134
X/153,1,8330,8330,1,1135
X/154,1,8331,8331,1,1136
X/155,1,8332,8332,1,1137
X/156,1,8333,8333,1,1138
X/157,1,8334,8334,1,1139
X/159,1,8335,8335,1,1140
X/160,1,8336,8336,1,1141
X/161,1,8337,8337,1,1142
X/162,1,8338,8338,1,1143
X/163,1,8339,8339,1,1144
X/164,1,8340,8340,1,1145
X/165,1,8341,8341,1,1146
X/166,1,8342,8342,1,1147
X/167,1,8343,8343,1,1148
X/168,1,8344,8344,1,1149
X/170,1,8345,8345,1,1150
X/171,1,8346,8346,1,1151
X/172,1,8347,8347,1,1152
X/173,1,8348,8348,1,1153
X/174,1,8349,8349,1,1154
X/175,1,8350,8350,1,1155
X/176,2,8351,8351,1,1156
X/177,1,8352,8352,1,1157
X/178,1,8353,8353,1,1158
X/179,1,8354,8354,1,1159
X/181,1,8355,8355,1,1160
X/182,1,8356,8356,1,1161
X/183,3,8357,8357,1,1162
X/184,1,8358,8358,1,1163
X/185,2,8359,8359,1,1164
X/186,1,8360,8360,1,1165
X/187,1,8361,8361,1,1166
X/188,1,8362,8362,1,1167
X/189,2,8363,8363,1,1168
X/190,1,8364,8364,1,1169
X/192,1,8365,8365,1,1170
X/193,1,8366,8366,1,1171
X/194,1,8367,8367,1,1172
X/195,1,8368,8368,1,1173
X/196,1,8369,8369,1,1174
X/197,1,8370,8370,1,1175
X/198,1,8371,8371,1,1176
X/199,1,8372,8372,1,1177
X/200,1,8373,8373,1,1178
X/201,1,8374,8374,1,1179
X/203,1,8375,8375,1,1180
X/204,1,8376,8376,1,1181
X/205,1,8377,8377,1,1182
X/206,1,8378,8378,1,1183
X/207,1,8379,8379,1,1184
X/208,2,8380,8380,1,1185
X/209,4,8381,8381,1,1186
X/210,1,8382,8382,1,1187
X/211,1,8383,8383,1,1188
X/212,1,8384,8384,1,1189
X/214,1,8385,8385,1,1190
X/215,1,8386,8386,1,1191
X/216,1,8387,8387,1,1192
X/217,1,8388,8388,1,1193
X/218,1,8389,8389,1,1194
X/219,1,8390,8390,1,1195
X/220,1,8391,8391,1,1196
X/221,1,8392,8392,1,1197
X/222,1,8393,8393,1,1198
X/223,1,8394,8394,1,1199
X/226,1,8395,8395,1,1200
X/227,1,8396,8396,1,1201
X/228,1,8397,8397,1,1202
X/229,1,8398,8398,1,1203
X/230,1,8399,8399,1,1204
X/231,1,8400,8400,1,1205
X/232,1,8401,8401,1,1206
X/233,1,8402,8402,1,1207
X/234,1,8403,8403,1,1208
X/235,1,8404,8404,1,1209
X/237,1,8405,8405,1,1210
X/238,1,8406,8406,1,1211
X/239,1,8407,8407,1,1212
X/240,1,8408,8408,1,1213
X/241,1,8409,8409,1,1214
X/242,1,8410,8410,1,1215
X/243,3,8411,8411,1,1216
X/244,1,8412,8412,1,1217
X/245,1,8413,8413,1,1218
X/246,1,8414,8414,1,1219
X/248,1,8415,8415,1,1220
X/249,1,8416,8416,1,1221
X/250,1,8417,8417,1,1222
X/251,1,8418,8418,1,1223
X/252,1,8419,8419,1,1224
