rank,obc_class_id,serial_range,n,hust_k,clf_top5,moco_top5,yuan_window_hits,notes
1,X/1190,8144-8145,8,968,璞 0.74; 弄 0.07; 囿 0.06; 周 0.01; 困 0.01,璞 0.53; 買 0.33; 罩 0.31; 變 0.31; 潾 0.30,980,TOP8｜宀/丵状尖顶+王(玉)+下部臼/凵框，构件与“璞(𤰇)”全同→疑为璞异体（当释而未释？）
2,X/839,7801-7803,9,651,燕 0.83; 魚 0.09; 雀 0.01; 疑/𠤗 0.00; 耑 0.00,燕 0.46; 祗 0.33; 𤉡 0.33; 鷄 0.31; 美 0.31,,TOP8｜燕形鸟+旁加点/小画→燕之繁体或从燕之字（地名？）
3,X/365,7349-7350,8,224,眉 0.82; 山 0.02; 車 0.01; 射/䠶 0.01; 虍 0.01,眉 0.49; 目 0.36; 山 0.33; 𦟀 0.32; 禺 0.32,243,TOP8｜眉(目+眉毛)+下叠框格状构件→从眉之合体；分类器眉.82，需辨是否即眉异体
4,X/462,7444-7446,10,311,肇/肈/肁 0.78; 畋 0.10; 啟/啓 0.04; 般 0.00; 受 0.00,畋 0.44; 肇 0.43; 朕 0.36; 取 0.35; 雹 0.34,,TOP8｜户形+又/攴→启/肇系（肇.78）；与X/461(k310 户+又→取?)相邻同族
5,X/956,7917-7921,18,757,丙 0.42; 商 0.27; 斝 0.03; 貞 0.03; 晶 0.03,商 0.38; 尚 0.35; 貞 0.34; 几 0.33; 朊 0.30,,TOP8｜口(或二)覆于丙(冂内八)→丙声字？商省/冋/尚之讹待考
6,X/276,7249-7252,16,144,光 0.50; 兄 0.09; 鼄 0.04; 襄 0.03; 頁 0.03,光 0.37; 襄 0.32; 夏 0.29; 鼄 0.29; 鬼 0.29,,TOP8｜跪人头上Y/V形→光之异体（两法均光）
7,X/297,7275-7281,25,163,妟 0.43; 女 0.15; 孕 0.08; 妾 0.08; 每 0.03,妾 0.39; 癭 0.34; 女 0.33; 妟 0.31; 媚 0.29,,TOP8｜跪女+8字形糸/幺贯身→女+糸会意（妟/妾仅形近）；X/299(k165)同族
8,X/849,7812-7814,9,660,祀/禩 0.34; 祼 0.14; 戠 0.10; 祐 0.04; 祏 0.04,祀 0.38; 猶 0.33; 主 0.30; 祝 0.28; 歲 0.28,,TOP8｜示(丅)+卩/巳形曲笔→祀或𥘅(示+卩)异体
,X/1212,8167-8171,20,988,奔 0.09; 危 0.08; 盡 0.04; 弘 0.03; 厃 0.03,𤰇 0.30; 箙 0.28; 田 0.28; 瓚 0.28; 亯 0.27,"992,1007",旗杆飘游自凵/口/田升起，两法均分散
,X/278,7254-7258,17,146,茍/苟 0.29; 先 0.25; 每 0.14; 欠 0.02; 失 0.02,弋 0.35; 敖 0.33; 割 0.31; 朱 0.30; 茍 0.30,,跪人三叉头饰→每/茍系
,X/690,7657-7660,15,517,陷 0.10; 岳/嶽 0.07; 艸 0.06; 皆 0.05; 吢 0.04,艸 0.36; 在 0.32; 鳖 0.30; 岳 0.29; 遣 0.29,,木/屮植于凵/皿
,X/461,7440-7443,14,310,取 0.45; 度 0.04; 畋 0.02; 祭 0.02; 雝 0.02,畋 0.39; 取 0.36; 匚 0.34; 祭 0.33; 鄰 0.33,,空长方+又/卩→取/启系，与462相邻
,X/48,8229-8232,14,1040,曾 0.15; 丘 0.12; 兮 0.10; 匚 0.05; 㠭/展 0.03,幽 0.36; 匚 0.36; 示 0.32; 火 0.31; 茲 0.31,,凵+两竖环→㠭族/幽?
,X/1148,7191-7194,13,93,異 0.08; 天 0.05; 黑 0.05; 煮 0.04; 畫 0.03,孟 0.38; 異 0.34; 天 0.33; 屯 0.32; 亲 0.30,,混杂类（火/屮于冂 + 朿?）
,X/1008,7969-7972,13,803,周 0.31; 𠧞 0.17; 宜/宐 0.17; 囿 0.03; 占 0.02,𠧞 0.52; 禍 0.46; 囿 0.45; 占 0.44; 宐 0.42,,梯形双格内有点→宜/俎或㐭
,X/391,7374-7376,12,248,㠭/展 0.52; 淵 0.08; 吅/鄰 0.05; 唐 0.04; 匚 0.02,由 0.48; 㠭 0.44; 首 0.43; 協 0.43; 昌 0.43,,凵上两高长方→㠭族（与395、48同族）
,X/395,7379-7381,11,251,㠭/展 0.24; 朁 0.04; 示 0.04; 其/箕 0.03; 晉 0.03,朁 0.43; 展 0.42; 𠯑 0.34; 䄆 0.34; 協 0.34,,凵上两工形→㠭族
,X/113,7102-7104,10,11,免 0.49; 羌 0.18; 雈/萑 0.07; 姜 0.01; 萈 0.01,免 0.46; 髦 0.38; 羌 0.38; 茍 0.35; 羆 0.34,"17,22",人形Y角+胸带→免？
,X/773,7735-7737,10,592,豕 0.21; 馬 0.10; 豭 0.10; 尊 0.05; 炎 0.04,棘 0.32; 虐 0.30; 㐁 0.29; 𦏧 0.27; 鹿 0.27,606,脊干单侧多枝+卷首
,X/800,7762-7764,10,616,獻 0.25; 姛 0.15; 甗 0.09; 祝 0.08; 風/鳳/鳯 0.05,虘 0.39; 姛 0.35; 𠭯 0.34; 娠 0.34; 獻 0.32,631,凡/冂框+它/己形
,X/833,7794-7796,10,646,隻/獲 0.18; 癸 0.17; 帝 0.11; 岳/嶽 0.07; 琮 0.06,岳 0.30; 癸 0.28; 麐 0.27; 琮 0.26; 𤓪 0.25,646,X星形+又
,X/857,7822-7824,10,668,龜 0.23; 冓 0.10; 兆 0.06; 薦 0.03; 魚 0.03,冉 0.35; 瘥 0.34; 虹 0.33; 龜 0.31; 由 0.29,,大人身交叉画→爽/奭?
,X/1054,8014-8016,10,845,刜 0.29; 利 0.06; 牝 0.03; 𦄑 0.02; 異 0.02,剢 0.33; 剛 0.32; 利 0.29; 殊 0.29; 洀 0.29,857,菱/六角形+人或刀(刜.29)
,X/264,7236-7238,9,133,御/禦 0.19; 次 0.18; 𠨘 0.12; 辟 0.10; 卩 0.08,次 0.39; 委 0.34; 耳 0.34; 聮 0.33; 医 0.33,139,卩/跪人+口→次/御?
,X/299,7283-7285,9,165,妍/姸 0.45; 媚 0.12; 娥 0.06; 妾 0.03; 妻 0.02,叔 0.30; 逸 0.30; 妍 0.29; 娥 0.29; 𠭖 0.28,,跪女+糸缠绕，与X/297同族（妍.45）
,X/1153,8106-8108,9,934,狐 0.27; 耤 0.10; 彖 0.09; 豖 0.04; 刖 0.03,犬 0.28; 爽 0.26; 防 0.25; 裘 0.25; 巴 0.24,"934,939",兽形(狐/犬)
,X/1195,8149-8151,9,972,冊/册 0.34; 弗 0.17; 血 0.13; 𨪐 0.11; 用 0.04,册 0.56; 冊 0.54; 弗 0.53; 𨪐 0.52; 毌 0.51,"980,992",冊中贯丨→冊/毌系变体
,X/39,8217-8219,9,1032,酉 0.49; 祼 0.34; 酓 0.02; 福 0.01; 䊤 0.01,酉 0.48; 祼 0.47; 酓 0.37; 瓒 0.37; 吾 0.36,"1038,1039",酉上加X/叉形→从酉之字（祼/瓚类祭名？）
,X/358,7341-7342,8,218,𣪕/𣪘/㲃 0.46; 肇/肈/肁 0.07; 臤 0.05; 既 0.05; 觳 0.03,畋 0.37; 濤 0.34; 㝵 0.33; 剢 0.32; 臣 0.31,,长方器形+殳→从殳击器（𣪕.46）
,X/473,7457-7458,8,321,叟/叜 0.23; 耑 0.17; 萬 0.10; 爇 0.09; 燎/尞 0.06,叜 0.35; 爇 0.33; 皀 0.31; 萬 0.31; 汊 0.30,,叟/爇系
,X/82,8265-8266,8,1071,乎 0.47; 鼠 0.07; 兮 0.06; 米 0.06; 主 0.04,米 0.44; 汊 0.43; 乎 0.41; 鼠 0.36; 少 0.35,,彳/亻+乎形加点→乎系？
